{"stat.useItem.minecraft.bow":70,"stat.walkOneCm":318495,"stat.playerKills":28,"stat.useItem.minecraft.stone":39,"stat.leaveGame":7,"stat.pickup.minecraft.arrow":5,"stat.drop.minecraft.end_stone":1,"stat.useItem.minecraft.end_stone":3,"stat.useItem.minecraft.bedrock":5,"stat.jump":1621,"stat.swimOneCm":205,"stat.fallOneCm":101069,"stat.drop.minecraft.feather":1,"stat.crouchOneCm":5740,"stat.useItem.minecraft.stained_hardened_clay":32,"stat.sprintOneCm":250901,"stat.useItem.minecraft.stained_glass":127,"stat.pickup.minecraft.bow":1,"achievement.exploreAllBiomes":{"value":0,"progress":["The Void"]},"stat.useItem.minecraft.glass":35,"stat.useItem.minecraft.stone_slab":204,"stat.drop.minecraft.end_crystal":1,"achievement.openInventory":41,"stat.useItem.minecraft.iron_sword":12,"stat.useItem.minecraft.barrier":153,"stat.useItem.minecraft.snowball":634,"stat.damageTaken":32565,"stat.pickup.minecraft.feather":1,"stat.useItem.minecraft.end_crystal":3,"stat.pickup.minecraft.end_crystal":1,"stat.flyOneCm":745320,"stat.deaths":44,"stat.drop":4,"stat.playOneMinute":111179,"stat.sneakTime":4615,"stat.damageDealt":6326,"stat.useItem.minecraft.wool":12,"stat.timeSinceDeath":2541,"stat.pickup.minecraft.snowball":18,"stat.useItem.minecraft.spawn_egg":1,"stat.drop.minecraft.stick":1}