{"stat.pickup.minecraft.repeating_command_block":1,"stat.useItem.minecraft.bow":2623,"stat.useItem.minecraft.lapis_block":14,"stat.useItem.minecraft.chain_command_block":586,"stat.pickup.minecraft.bone":5,"stat.useItem.minecraft.quartz_block":221,"stat.pickup.minecraft.stone_pressure_plate":1,"stat.pickup.minecraft.redstone_torch":2,"stat.useItem.minecraft.repeater":228,"stat.leaveGame":279,"stat.pickup.minecraft.structure_block":2,"stat.useItem.minecraft.repeating_command_block":167,"stat.useItem.minecraft.diamond_sword":33,"stat.swimOneCm":1222,"stat.useItem.minecraft.planks":38,"stat.drop.minecraft.feather":2,"stat.enderchestOpened":5,"stat.useItem.minecraft.redstone_torch":12,"stat.useItem.minecraft.obsidian":60,"stat.useItem.minecraft.dirt":23,"stat.useItem.minecraft.stone_slab2":1040,"stat.useItem.minecraft.water_bucket":1,"stat.pickup.minecraft.rotten_flesh":17,"stat.useItem.minecraft.egg":4346,"stat.useItem.minecraft.spruce_fence_gate":2,"stat.aviateOneCm":678568,"stat.useItem.minecraft.yellow_glazed_terracotta":6,"stat.useItem.minecraft.anvil":4,"stat.flyOneCm":26255339,"stat.pickup.minecraft.chain_command_block":1,"stat.killEntity.Villager":1,"stat.pickup.minecraft.redstone":64,"stat.timeSinceDeath":68345,"stat.hopperInspected":7,"stat.useItem.minecraft.sign":164,"stat.useItem.minecraft.spawn_egg":77,"stat.useItem.minecraft.wooden_slab":26,"stat.useItem.minecraft.lever":137,"stat.pickup.minecraft.wooden_button":1,"stat.useItem.minecraft.armor_stand":31,"stat.talkedToVillager":8,"stat.useItem.minecraft.end_stone":3,"stat.drop.minecraft.bedrock":1,"stat.useItem.minecraft.redstone":491,"stat.useItem.minecraft.spruce_fence":36,"stat.sprintOneCm":5622798,"stat.useItem.minecraft.stained_glass":53,"stat.useItem.minecraft.diamond_shovel":35,"stat.useItem.minecraft.stone_stairs":2,"stat.useItem.minecraft.stone_slab":446,"stat.useItem.minecraft.snowball":17967,"stat.useItem.minecraft.structure_block":44,"stat.useItem.minecraft.stone_pressure_plate":4,"stat.killEntity.Endermite":2,"stat.useItem.minecraft.lingering_potion":3,"stat.useItem.minecraft.hopper":9,"stat.drop.minecraft.snowball":31,"stat.useItem.minecraft.dye":38,"stat.pickup.minecraft.lever":49,"stat.deaths":127,"stat.drop":21,"stat.pickup.minecraft.egg":100,"stat.playOneMinute":2546388,"stat.pickup.minecraft.stone_button":12,"stat.drop.minecraft.redstone_block":3,"stat.pickup.minecraft.snowball":40,"stat.useItem.minecraft.jukebox":1,"stat.useItem.minecraft.gray_glazed_terracotta":11,"stat.useItem.minecraft.light_blue_glazed_terracotta":8,"stat.diveOneCm":1085,"stat.chestOpened":32,"stat.useItem.minecraft.splash_potion":8,"stat.recordPlayed":1,"stat.pickup.minecraft.sign":7,"stat.useItem.minecraft.stone":1388,"stat.useItem.minecraft.carpet":26,"stat.useItem.minecraft.bedrock":12,"stat.jump":9633,"stat.useItem.minecraft.iron_trapdoor":1,"stat.fallOneCm":419661,"stat.pickup.minecraft.iron_ingot":1,"stat.drop.minecraft.stone":1,"stat.pickup.minecraft.gunpowder":3,"stat.crouchOneCm":302603,"stat.useItem.minecraft.stone_button":85,"stat.mineBlock.minecraft.lever":1,"stat.craftingTableInteraction":2,"stat.drop.minecraft.structure_block":1,"stat.useItem.minecraft.glass":225,"stat.useItem.minecraft.sapling":7,"stat.pickup.minecraft.command_block":6,"stat.pickup.minecraft.comparator":2,"stat.useItem.minecraft.redstone_lamp":11,"stat.pickup.minecraft.repeater":4,"stat.damageTaken":29202,"stat.pickup.minecraft.leather":1,"stat.pickup.minecraft.feather":14,"stat.useItem.minecraft.stone_brick_stairs":2,"stat.drop.minecraft.stone_button":2,"stat.pickup.minecraft.stained_glass":1,"stat.damageDealt":540,"stat.useItem.minecraft.wool":1735,"stat.drop.minecraft.stick":1,"stat.useItem.minecraft.iron_bars":79,"stat.useItem.minecraft.command_block":777,"stat.pickup.minecraft.record_11":1,"stat.walkOneCm":3881006,"stat.playerKills":11,"stat.useItem.minecraft.chest":4,"stat.useItem.minecraft.record_11":1,"stat.pickup.minecraft.stick":1,"stat.useItem.minecraft.observer":5,"stat.pickup.minecraft.noteblock":1,"stat.useItem.minecraft.comparator":57,"stat.useItem.minecraft.cobblestone":94,"stat.pickup.minecraft.redstone_block":3,"stat.pickup.minecraft.bedrock":1,"stat.useItem.minecraft.redstone_block":232,"stat.pickup.minecraft.stone":1,"stat.useItem.minecraft.stained_hardened_clay":69,"stat.drop.minecraft.command_block":3,"stat.useItem.minecraft.concrete":244,"stat.useItem.minecraft.glass_pane":18,"stat.pickup.minecraft.gold_ingot":4,"stat.drop.minecraft.lever":3,"stat.useItem.minecraft.barrier":6,"stat.useItem.minecraft.iron_block":117,"stat.mobKills":6,"stat.useItem.minecraft.stonebrick":173,"stat.drop.minecraft.repeating_command_block":1,"stat.useItem.minecraft.monster_egg":2,"stat.useItem.minecraft.cobblestone_wall":8,"stat.pickup.minecraft.torch":2,"stat.sneakTime":92438,"stat.pickup.minecraft.wool":2,"stat.pickup.minecraft.elytra":2,"stat.useItem.minecraft.sandstone":5}