{"stat.useItem.minecraft.bow":33,"stat.walkOneCm":53729,"stat.playerKills":7,"achievement.openInventory":69,"stat.useItem.minecraft.snowball":456,"stat.leaveGame":8,"stat.damageTaken":3990,"stat.drop.minecraft.snowball":1,"stat.flyOneCm":174011,"stat.pickup.minecraft.lever":1,"stat.deaths":18,"stat.drop":2,"stat.jump":176,"stat.playOneMinute":66637,"stat.fallOneCm":10152,"stat.sneakTime":452,"stat.drop.minecraft.feather":1,"stat.damageDealt":52,"stat.crouchOneCm":1984,"stat.timeSinceDeath":735,"stat.sprintOneCm":59853,"stat.useItem.minecraft.spawn_egg":2,"achievement.exploreAllBiomes":{"value":0,"progress":["The Void"]}}