{"stat.useItem.minecraft.bow":154,"stat.useItem.minecraft.splash_potion":20,"stat.useItem.minecraft.chain_command_block":24,"stat.useItem.minecraft.stone":2,"stat.useItem.minecraft.repeater":62,"stat.leaveGame":15,"stat.pickup.minecraft.arrow":2,"stat.useItem.minecraft.repeating_command_block":8,"stat.useItem.minecraft.diamond_sword":47,"stat.useItem.minecraft.stained_glass_pane":29,"stat.jump":2401,"stat.swimOneCm":16353,"stat.fallOneCm":106254,"stat.drop.minecraft.feather":2,"stat.crouchOneCm":14558,"stat.enderchestOpened":3,"stat.useItem.minecraft.stone_button":5,"achievement.exploreAllBiomes":{"value":0,"progress":["The Void"]},"stat.useItem.minecraft.egg":14,"stat.damageTaken":29211,"stat.pickup.minecraft.feather":1,"stat.pickup.minecraft.bucket":3,"stat.useItem.minecraft.anvil":2,"stat.flyOneCm":3563502,"stat.damageDealt":16550,"stat.pickup.minecraft.redstone":1,"stat.useItem.minecraft.wool":16,"stat.timeSinceDeath":30622,"stat.useItem.minecraft.sign":13,"stat.drop.minecraft.stick":1,"stat.useItem.minecraft.command_block":91,"stat.walkOneCm":742600,"stat.useItem.minecraft.torch":2,"stat.playerKills":38,"stat.useItem.minecraft.lever":3,"stat.useItem.minecraft.oak_stairs":4,"stat.useItem.minecraft.redstone_block":8,"stat.useItem.minecraft.redstone":12,"stat.useItem.minecraft.milk_bucket":1,"stat.sprintOneCm":978410,"stat.useItem.minecraft.stained_glass":6,"stat.pickup.minecraft.end_stone":1,"stat.drop.minecraft.lever":1,"achievement.openInventory":273,"stat.useItem.minecraft.iron_sword":3,"stat.useItem.minecraft.snowball":3992,"stat.useItem.minecraft.barrier":48,"stat.useItem.minecraft.iron_block":138,"stat.useItem.minecraft.structure_block":5,"stat.drop.minecraft.snowball":34,"stat.pickup.minecraft.lever":1,"stat.deaths":84,"stat.useItem.minecraft.cobblestone_wall":5,"stat.drop":23,"stat.playOneMinute":351600,"stat.pickup.minecraft.stone_button":1,"stat.sneakTime":8954}