{"stat.pickup.minecraft.repeating_command_block":1,"stat.useItem.minecraft.bow":1922,"stat.useItem.minecraft.lapis_block":11,"stat.useItem.minecraft.chain_command_block":517,"stat.useItem.minecraft.quartz_block":221,"stat.pickup.minecraft.stone_pressure_plate":1,"stat.pickup.minecraft.redstone_torch":2,"stat.useItem.minecraft.repeater":201,"stat.leaveGame":215,"stat.pickup.minecraft.structure_block":2,"stat.useItem.minecraft.repeating_command_block":139,"stat.useItem.minecraft.diamond_sword":33,"stat.swimOneCm":1222,"stat.useItem.minecraft.planks":34,"stat.drop.minecraft.feather":2,"stat.enderchestOpened":5,"stat.useItem.minecraft.redstone_torch":12,"stat.useItem.minecraft.obsidian":9,"stat.useItem.minecraft.dirt":23,"stat.useItem.minecraft.stone_slab2":1040,"achievement.exploreAllBiomes":{"value":0,"progress":["The Void"]},"stat.useItem.minecraft.water_bucket":1,"stat.useItem.minecraft.egg":4346,"stat.useItem.minecraft.spruce_fence_gate":2,"stat.aviateOneCm":678568,"stat.useItem.minecraft.yellow_glazed_terracotta":6,"stat.useItem.minecraft.anvil":4,"stat.flyOneCm":21252043,"stat.pickup.minecraft.chain_command_block":1,"stat.killEntity.Villager":1,"stat.pickup.minecraft.redstone":16,"stat.timeSinceDeath":50907,"stat.hopperInspected":7,"stat.useItem.minecraft.sign":129,"stat.useItem.minecraft.spawn_egg":68,"stat.useItem.minecraft.wooden_slab":26,"stat.useItem.minecraft.lever":120,"stat.useItem.minecraft.armor_stand":4,"stat.talkedToVillager":8,"stat.useItem.minecraft.end_stone":3,"stat.drop.minecraft.bedrock":1,"stat.useItem.minecraft.redstone":403,"stat.useItem.minecraft.spruce_fence":36,"stat.sprintOneCm":4218444,"stat.useItem.minecraft.stained_glass":53,"stat.useItem.minecraft.diamond_shovel":35,"stat.useItem.minecraft.stone_slab":446,"achievement.openInventory":2592,"stat.useItem.minecraft.snowball":12329,"stat.useItem.minecraft.structure_block":44,"stat.useItem.minecraft.stone_pressure_plate":4,"stat.killEntity.Endermite":2,"stat.useItem.minecraft.lingering_potion":3,"stat.useItem.minecraft.hopper":9,"stat.drop.minecraft.snowball":31,"stat.useItem.minecraft.dye":38,"stat.pickup.minecraft.lever":37,"stat.deaths":103,"stat.drop":20,"stat.pickup.minecraft.egg":100,"stat.playOneMinute":1932827,"stat.pickup.minecraft.stone_button":9,"stat.drop.minecraft.redstone_block":3,"stat.pickup.minecraft.snowball":40,"stat.useItem.minecraft.jukebox":1,"stat.useItem.minecraft.gray_glazed_terracotta":11,"stat.useItem.minecraft.light_blue_glazed_terracotta":8,"stat.diveOneCm":1085,"stat.chestOpened":18,"stat.useItem.minecraft.splash_potion":8,"stat.recordPlayed":1,"stat.pickup.minecraft.sign":7,"stat.useItem.minecraft.stone":1321,"stat.useItem.minecraft.carpet":26,"stat.useItem.minecraft.bedrock":11,"stat.jump":7281,"stat.useItem.minecraft.iron_trapdoor":1,"stat.fallOneCm":342083,"stat.drop.minecraft.stone":1,"stat.pickup.minecraft.gunpowder":3,"stat.crouchOneCm":292300,"stat.useItem.minecraft.stone_button":65,"stat.mineBlock.minecraft.lever":1,"stat.craftingTableInteraction":2,"stat.drop.minecraft.structure_block":1,"stat.useItem.minecraft.glass":225,"stat.useItem.minecraft.sapling":7,"stat.pickup.minecraft.command_block":6,"stat.pickup.minecraft.comparator":2,"stat.useItem.minecraft.redstone_lamp":9,"stat.pickup.minecraft.repeater":4,"stat.damageTaken":23202,"stat.pickup.minecraft.leather":1,"stat.pickup.minecraft.feather":12,"stat.useItem.minecraft.stone_brick_stairs":2,"stat.drop.minecraft.stone_button":2,"stat.pickup.minecraft.stained_glass":1,"stat.damageDealt":540,"stat.useItem.minecraft.wool":1716,"stat.useItem.minecraft.iron_bars":79,"stat.useItem.minecraft.command_block":652,"stat.pickup.minecraft.record_11":1,"stat.walkOneCm":3020966,"stat.playerKills":9,"stat.useItem.minecraft.chest":1,"stat.useItem.minecraft.record_11":1,"stat.useItem.minecraft.observer":5,"stat.pickup.minecraft.noteblock":1,"stat.useItem.minecraft.comparator":26,"stat.useItem.minecraft.cobblestone":90,"stat.pickup.minecraft.redstone_block":3,"stat.pickup.minecraft.bedrock":1,"stat.useItem.minecraft.redstone_block":173,"stat.pickup.minecraft.stone":1,"stat.useItem.minecraft.stained_hardened_clay":35,"stat.drop.minecraft.command_block":3,"stat.useItem.minecraft.concrete":244,"stat.useItem.minecraft.glass_pane":18,"stat.drop.minecraft.lever":3,"stat.useItem.minecraft.barrier":6,"stat.useItem.minecraft.iron_block":117,"stat.mobKills":4,"stat.useItem.minecraft.stonebrick":173,"stat.drop.minecraft.repeating_command_block":1,"stat.useItem.minecraft.monster_egg":2,"stat.useItem.minecraft.cobblestone_wall":8,"stat.pickup.minecraft.torch":2,"stat.sneakTime":80912,"stat.pickup.minecraft.wool":2,"stat.pickup.minecraft.elytra":2,"stat.useItem.minecraft.sandstone":5}