{"stat.beaconInteraction":1,"stat.chestOpened":4,"stat.useItem.minecraft.bow":202,"stat.leaveGame":12,"stat.pickup.minecraft.arrow":1,"stat.useItem.minecraft.diamond_sword":80,"stat.jump":3667,"stat.swimOneCm":26825,"stat.fallOneCm":350512,"stat.crouchOneCm":10146,"stat.enderchestOpened":2,"achievement.exploreAllBiomes":{"value":0,"progress":["The Void"]},"stat.craftingTableInteraction":2,"stat.pickup.minecraft.snow":1,"stat.useItem.minecraft.egg":729,"stat.damageTaken":77174,"stat.pickup.minecraft.feather":1,"stat.flyOneCm":935085,"stat.drop.minecraft.snow":1,"stat.damageDealt":13791,"stat.useItem.minecraft.wool":1,"stat.timeSinceDeath":386,"stat.hopperInspected":8,"stat.useItem.minecraft.spawn_egg":1,"stat.drop.minecraft.stick":1,"stat.useItem.minecraft.command_block":2,"stat.walkOneCm":649144,"stat.playerKills":42,"stat.useItem.minecraft.lever":1,"stat.pickup.minecraft.stick":3,"stat.useItem.minecraft.milk_bucket":4,"stat.mineBlock.minecraft.wool":1,"stat.sprintOneCm":913723,"achievement.openInventory":18,"stat.useItem.minecraft.barrier":29,"stat.useItem.minecraft.snowball":16,"stat.deaths":186,"stat.drop":5,"stat.playOneMinute":204871,"stat.sneakTime":3395,"stat.pickup.minecraft.wool":1,"stat.drop.minecraft.bucket":3,"stat.diveOneCm":134}