{"stat.useItem.minecraft.command_block":88,"stat.useItem.minecraft.bow":154,"stat.walkOneCm":548477,"stat.useItem.minecraft.chain_command_block":17,"stat.playerKills":37,"stat.useItem.minecraft.lever":2,"stat.useItem.minecraft.stone":2,"stat.useItem.minecraft.repeater":61,"stat.leaveGame":4,"stat.pickup.minecraft.arrow":2,"stat.useItem.minecraft.oak_stairs":4,"stat.useItem.minecraft.repeating_command_block":5,"stat.useItem.minecraft.diamond_sword":35,"stat.useItem.minecraft.stained_glass_pane":29,"stat.jump":2005,"stat.swimOneCm":16353,"stat.fallOneCm":94690,"stat.useItem.minecraft.redstone_block":2,"stat.useItem.minecraft.redstone":10,"stat.useItem.minecraft.milk_bucket":1,"stat.drop.minecraft.feather":1,"stat.crouchOneCm":9308,"stat.enderchestOpened":3,"stat.useItem.minecraft.stone_button":4,"stat.sprintOneCm":746268,"stat.useItem.minecraft.stained_glass":6,"achievement.exploreAllBiomes":{"value":0,"progress":["The Void"]},"stat.pickup.minecraft.end_stone":1,"achievement.openInventory":166,"stat.useItem.minecraft.snowball":3085,"stat.useItem.minecraft.barrier":48,"stat.useItem.minecraft.iron_block":135,"stat.damageTaken":25779,"stat.useItem.minecraft.structure_block":5,"stat.pickup.minecraft.bucket":3,"stat.useItem.minecraft.anvil":2,"stat.flyOneCm":2560483,"stat.deaths":74,"stat.drop":2,"stat.playOneMinute":236634,"stat.sneakTime":5707,"stat.damageDealt":14932,"stat.pickup.minecraft.redstone":1,"stat.useItem.minecraft.wool":16,"stat.timeSinceDeath":22463,"stat.useItem.minecraft.sign":5,"stat.drop.minecraft.stick":1}