{"stat.useItem.minecraft.bow":70,"stat.walkOneCm":203084,"stat.playerKills":25,"stat.useItem.minecraft.stone":39,"stat.leaveGame":2,"stat.pickup.minecraft.arrow":5,"stat.drop.minecraft.end_stone":1,"stat.useItem.minecraft.end_stone":3,"stat.useItem.minecraft.bedrock":5,"stat.jump":1092,"stat.swimOneCm":205,"stat.fallOneCm":79280,"stat.drop.minecraft.feather":1,"stat.crouchOneCm":5191,"stat.useItem.minecraft.stained_hardened_clay":32,"stat.sprintOneCm":192042,"stat.useItem.minecraft.stained_glass":127,"stat.pickup.minecraft.bow":1,"achievement.exploreAllBiomes":{"value":0,"progress":["The Void"]},"stat.useItem.minecraft.glass":35,"stat.useItem.minecraft.stone_slab":204,"stat.drop.minecraft.end_crystal":1,"achievement.openInventory":32,"stat.useItem.minecraft.barrier":153,"stat.damageTaken":29979,"stat.pickup.minecraft.feather":1,"stat.useItem.minecraft.end_crystal":3,"stat.pickup.minecraft.end_crystal":1,"stat.flyOneCm":556441,"stat.deaths":40,"stat.drop":4,"stat.playOneMinute":75947,"stat.sneakTime":4081,"stat.damageDealt":5310,"stat.useItem.minecraft.wool":12,"stat.timeSinceDeath":551,"stat.useItem.minecraft.spawn_egg":1,"stat.drop.minecraft.stick":1}