{"stat.pickup.minecraft.repeating_command_block":1,"stat.useItem.minecraft.bow":1014,"stat.useItem.minecraft.chain_command_block":409,"stat.useItem.minecraft.quartz_block":220,"stat.pickup.minecraft.stone_pressure_plate":1,"stat.pickup.minecraft.redstone_torch":2,"stat.useItem.minecraft.repeater":126,"stat.leaveGame":159,"stat.pickup.minecraft.structure_block":2,"stat.useItem.minecraft.repeating_command_block":106,"stat.useItem.minecraft.diamond_sword":33,"stat.swimOneCm":259,"stat.drop.minecraft.feather":1,"stat.enderchestOpened":5,"stat.useItem.minecraft.redstone_torch":3,"stat.useItem.minecraft.dirt":23,"stat.useItem.minecraft.stone_slab2":1040,"achievement.exploreAllBiomes":{"value":0,"progress":["The Void"]},"stat.useItem.minecraft.water_bucket":1,"stat.useItem.minecraft.egg":4346,"stat.useItem.minecraft.spruce_fence_gate":2,"stat.aviateOneCm":678568,"stat.useItem.minecraft.anvil":2,"stat.flyOneCm":15255533,"stat.pickup.minecraft.chain_command_block":1,"stat.killEntity.Villager":1,"stat.pickup.minecraft.redstone":13,"stat.timeSinceDeath":55376,"stat.hopperInspected":6,"stat.useItem.minecraft.sign":91,"stat.useItem.minecraft.spawn_egg":51,"stat.useItem.minecraft.lever":96,"stat.useItem.minecraft.armor_stand":4,"stat.talkedToVillager":8,"stat.useItem.minecraft.end_stone":3,"stat.useItem.minecraft.redstone":207,"stat.useItem.minecraft.spruce_fence":36,"stat.sprintOneCm":2427910,"stat.useItem.minecraft.stained_glass":29,"stat.useItem.minecraft.diamond_shovel":35,"stat.useItem.minecraft.stone_slab":326,"achievement.openInventory":1926,"stat.useItem.minecraft.snowball":8127,"stat.useItem.minecraft.structure_block":22,"stat.useItem.minecraft.stone_pressure_plate":2,"stat.killEntity.Endermite":2,"stat.useItem.minecraft.lingering_potion":3,"stat.useItem.minecraft.hopper":6,"stat.drop.minecraft.snowball":31,"stat.useItem.minecraft.dye":38,"stat.pickup.minecraft.lever":33,"stat.deaths":32,"stat.drop":16,"stat.pickup.minecraft.egg":100,"stat.playOneMinute":1377711,"stat.pickup.minecraft.stone_button":7,"stat.drop.minecraft.redstone_block":3,"stat.pickup.minecraft.snowball":40,"stat.useItem.minecraft.jukebox":1,"stat.chestOpened":4,"stat.useItem.minecraft.splash_potion":8,"stat.recordPlayed":1,"stat.pickup.minecraft.sign":7,"stat.useItem.minecraft.stone":1141,"stat.useItem.minecraft.carpet":25,"stat.jump":4228,"stat.useItem.minecraft.iron_trapdoor":1,"stat.fallOneCm":104176,"stat.drop.minecraft.stone":1,"stat.pickup.minecraft.gunpowder":3,"stat.crouchOneCm":228455,"stat.useItem.minecraft.stone_button":25,"stat.mineBlock.minecraft.lever":1,"stat.craftingTableInteraction":2,"stat.drop.minecraft.structure_block":1,"stat.useItem.minecraft.glass":225,"stat.useItem.minecraft.sapling":7,"stat.pickup.minecraft.command_block":6,"stat.pickup.minecraft.comparator":2,"stat.useItem.minecraft.redstone_lamp":4,"stat.pickup.minecraft.repeater":4,"stat.damageTaken":7950,"stat.pickup.minecraft.leather":1,"stat.pickup.minecraft.feather":12,"stat.useItem.minecraft.stone_brick_stairs":2,"stat.drop.minecraft.stone_button":1,"stat.pickup.minecraft.stained_glass":1,"stat.damageDealt":540,"stat.useItem.minecraft.wool":1130,"stat.useItem.minecraft.iron_bars":77,"stat.useItem.minecraft.command_block":403,"stat.pickup.minecraft.record_11":1,"stat.walkOneCm":1795108,"stat.playerKills":1,"stat.useItem.minecraft.chest":1,"stat.useItem.minecraft.record_11":1,"stat.useItem.minecraft.observer":5,"stat.pickup.minecraft.noteblock":1,"stat.useItem.minecraft.comparator":6,"stat.useItem.minecraft.cobblestone":89,"stat.pickup.minecraft.redstone_block":3,"stat.useItem.minecraft.redstone_block":129,"stat.pickup.minecraft.stone":1,"stat.useItem.minecraft.stained_hardened_clay":28,"stat.drop.minecraft.command_block":3,"stat.useItem.minecraft.concrete":244,"stat.useItem.minecraft.glass_pane":18,"stat.drop.minecraft.lever":2,"stat.useItem.minecraft.barrier":6,"stat.useItem.minecraft.iron_block":70,"stat.mobKills":4,"stat.useItem.minecraft.stonebrick":173,"stat.drop.minecraft.repeating_command_block":1,"stat.useItem.minecraft.cobblestone_wall":8,"stat.pickup.minecraft.torch":2,"stat.sneakTime":56849,"stat.pickup.minecraft.wool":2,"stat.pickup.minecraft.elytra":2,"stat.useItem.minecraft.sandstone":3}