{"class":[{"name":"Monk","source":"PHB","page":76,"srd":true,"hd":{"number":1,"faces":8},"proficiency":["str","dex"],"startingProficiencies":{"weapons":["simple","{@item shortsword|phb|shortswords}"],"tools":["any one type of {@item artisan's tools|PHB} or any one {@item musical instrument|PHB} of your choice"],"skills":[{"choose":{"from":["acrobatics","athletics","history","insight","religion","stealth"],"count":2}}]},"startingEquipment":{"additionalFromBackground":true,"default":["(a) a {@item shortsword|phb} or (b) any {@filter simple weapon|items|source=phb|category=basic|type=simple weapon}","(a) a {@item dungeoneer's pack|phb} or (b) an {@item explorer's pack|phb}","10 {@item dart|phb|darts}"],"goldAlternative":"{@dice 5d4|5d4|Starting Gold}","defaultData":[{"a":["shortsword|phb"],"b":[{"equipmentType":"weaponSimple"}]},{"a":["dungeoneer's pack|phb"],"b":["explorer's pack|phb"]},{"_":[{"item":"dart|phb","quantity":10}]}]},"multiclassing":{"requirements":{"dex":13,"wis":13},"proficienciesGained":{"weapons":["simple","{@item shortsword|phb|shortswords}"]}},"classTableGroups":[{"colLabels":["Martial Arts","Ki Points","Unarmored Movement"],"rows":[[{"type":"dice","toRoll":[{"number":1,"faces":4}]},0,{"type":"bonusSpeed","value":0}],[{"type":"dice","toRoll":[{"number":1,"faces":4}]},2,{"type":"bonusSpeed","value":10}],[{"type":"dice","toRoll":[{"number":1,"faces":4}]},3,{"type":"bonusSpeed","value":10}],[{"type":"dice","toRoll":[{"number":1,"faces":4}]},4,{"type":"bonusSpeed","value":10}],[{"type":"dice","toRoll":[{"number":1,"faces":6}]},5,{"type":"bonusSpeed","value":10}],[{"type":"dice","toRoll":[{"number":1,"faces":6}]},6,{"type":"bonusSpeed","value":15}],[{"type":"dice","toRoll":[{"number":1,"faces":6}]},7,{"type":"bonusSpeed","value":15}],[{"type":"dice","toRoll":[{"number":1,"faces":6}]},8,{"type":"bonusSpeed","value":15}],[{"type":"dice","toRoll":[{"number":1,"faces":6}]},9,{"type":"bonusSpeed","value":15}],[{"type":"dice","toRoll":[{"number":1,"faces":6}]},10,{"type":"bonusSpeed","value":20}],[{"type":"dice","toRoll":[{"number":1,"faces":8}]},11,{"type":"bonusSpeed","value":20}],[{"type":"dice","toRoll":[{"number":1,"faces":8}]},12,{"type":"bonusSpeed","value":20}],[{"type":"dice","toRoll":[{"number":1,"faces":8}]},13,{"type":"bonusSpeed","value":20}],[{"type":"dice","toRoll":[{"number":1,"faces":8}]},14,{"type":"bonusSpeed","value":25}],[{"type":"dice","toRoll":[{"number":1,"faces":8}]},15,{"type":"bonusSpeed","value":25}],[{"type":"dice","toRoll":[{"number":1,"faces":8}]},16,{"type":"bonusSpeed","value":25}],[{"type":"dice","toRoll":[{"number":1,"faces":10}]},17,{"type":"bonusSpeed","value":25}],[{"type":"dice","toRoll":[{"number":1,"faces":10}]},18,{"type":"bonusSpeed","value":30}],[{"type":"dice","toRoll":[{"number":1,"faces":10}]},19,{"type":"bonusSpeed","value":30}],[{"type":"dice","toRoll":[{"number":1,"faces":10}]},20,{"type":"bonusSpeed","value":30}]]}],"classFeatures":["Unarmored Defense|Monk||1","Martial Arts|Monk||1","Monk Weapons|Monk||1|UAClassFeatureVariants","Ki|Monk||2","Ki-Fueled Strike|Monk||2|UAClassFeatureVariants","Ki Features|Monk||2|UAClassFeatureVariants","Dedicated Weapon|Monk||2|TCE","Unarmored Movement|Monk||2","Deflect Missiles|Monk||3",{"classFeature":"Monastic Tradition|Monk||3","gainSubclassFeature":true},"Ki-Fueled Attack|Monk||3|TCE","Ability Score Improvement|Monk||4","Proficiency Versatility|Monk||4|UAClassFeatureVariants","Slow Fall|Monk||4","Quickened Healing|Monk||4|TCE","Extra Attack|Monk||5","Stunning Strike|Monk||5","Focused Aim|Monk||5|TCE","Ki-Empowered Strikes|Monk||6",{"classFeature":"Monastic Tradition feature|Monk||6","gainSubclassFeature":true},"Evasion|Monk||7","Stillness of Mind|Monk||7","Ability Score Improvement|Monk||8","Proficiency Versatility|Monk||8|UAClassFeatureVariants","Unarmored Movement improvement|Monk||9","Purity of Body|Monk||10",{"classFeature":"Monastic Tradition feature|Monk||11","gainSubclassFeature":true},"Ability Score Improvement|Monk||12","Proficiency Versatility|Monk||12|UAClassFeatureVariants","Tongue of the Sun and Moon|Monk||13","Diamond Soul|Monk||14","Timeless Body|Monk||15","Ability Score Improvement|Monk||16","Proficiency Versatility|Monk||16|UAClassFeatureVariants",{"classFeature":"Monastic Tradition feature|Monk||17","gainSubclassFeature":true},"Empty Body|Monk||18","Ability Score Improvement|Monk||19","Proficiency Versatility|Monk||19|UAClassFeatureVariants","Perfect Self|Monk||20"],"subclassTitle":"Monastic Tradition","fluff":[]}],"subclass":[{"name":"Way of the Open Hand","shortName":"Open Hand","source":"PHB","className":"Monk","classSource":"PHB","page":79,"srd":true,"subclassFeatures":["Way of the Open Hand|Monk||Open Hand||3","Wholeness of Body|Monk||Open Hand||6","Tranquility|Monk||Open Hand||11","Quivering Palm|Monk||Open Hand||17"]}],"classFeature":[{"name":"Martial Arts","source":"PHB","page":76,"srd":true,"className":"Monk","classSource":"PHB","level":1,"entries":["Your practice of martial arts gives you mastery of combat styles that use unarmed strikes and monk weapons, which are shortswords and any simple melee weapons that don't have the two-handed or heavy property.","You gain the following benefits while you are unarmed or wielding only monk weapons and you aren't wearing armor or wielding a shield.",{"type":"list","items":["You can use Dexterity instead of Strength for the attack and damage rolls of your unarmed strikes and monk weapons.","You can roll a {@dice d4} in place of the normal damage of your unarmed strike or monk weapon. This die changes as you gain monk levels, as shown in the Martial Arts column of the Monk table.","When you use the {@action Attack} action with an unarmed strike or a monk weapon on your turn, you can make one unarmed strike as a bonus action. For example, if you take the {@action Attack} action and attack with a quarterstaff, you can also make an unarmed strike as a bonus action, assuming you haven't already taken a bonus action this turn."]},"Certain monasteries use specialized forms of the monk weapons. For example, you might use a club that is two lengths of wood connected by a short chain (called a nunchaku) or a sickle with a shorter, straighter blade (called a kama)."]},{"name":"Unarmored Defense","source":"PHB","page":76,"srd":true,"className":"Monk","classSource":"PHB","level":1,"entries":["Beginning at 1st level, while you are wearing no armor and not wielding a shield, your AC equals 10 + your Dexterity modifier + your Wisdom modifier."]},{"name":"Ki","source":"PHB","page":76,"srd":true,"className":"Monk","classSource":"PHB","level":2,"entries":["Starting at 2nd level, your training allows you to harness the mystic energy of ki. Your access to this energy is represented by a number of ki points. Your monk level determines the number of points you have, as shown in the Ki Points column of the Monk table.","You can spend these points to fuel various ki features. You start knowing three such features: Flurry of Blows, Patient Defense, and Step of the Wind. You learn more ki features as you gain levels in this class.","When you spend a ki point, it is unavailable until you finish a short or long rest, at the end of which you draw all of your expended ki back into yourself. You must spend at least 30 minutes of the rest meditating to regain your ki points.","Some of your ki features require your target to make a saving throw to resist the feature's effects. The saving throw DC is calculated as follows:",{"type":"abilityDc","name":"Ki","attributes":["wis"]},{"type":"entries","name":"Flurry of Blows","entries":["Immediately after you take the {@action Attack} action on your turn, you can spend 1 ki point to make two unarmed strikes as a bonus action."]},{"type":"entries","name":"Patient Defense","entries":["You can spend 1 ki point to take the {@action Dodge} action as a bonus action on your turn."]},{"type":"entries","name":"Step of the Wind","entries":["You can spend 1 ki point to take the {@action Disengage} or {@action Dash} action as a bonus action on your turn, and your jump distance is doubled for the turn."]}]},{"name":"Unarmored Movement","source":"PHB","page":76,"srd":true,"className":"Monk","classSource":"PHB","level":2,"entries":["Starting at 2nd level, your speed increases by 10 feet while you are not wearing armor or wielding a shield. This bonus increases when you reach certain monk levels, as shown in the Monk table.","At 9th level, you gain the ability to move along vertical surfaces and across liquids on your turn without falling during the move."]},{"name":"Deflect Missiles","source":"PHB","page":76,"srd":true,"className":"Monk","classSource":"PHB","level":3,"entries":["Starting at 3rd level, you can use your reaction to deflect or catch the missile when you are hit by a ranged weapon attack. When you do so, the damage you take from the attack is reduced by {@dice 1d10} + your Dexterity modifier + your monk level.","If you reduce the damage to 0, you can catch the missile if it is small enough for you to hold in one hand and you have at least one hand free. If you catch a missile in this way, you can spend 1 ki point to make a ranged attack (range 20/60 feet) with the weapon or piece of ammunition you just caught, as part of the same reaction. You make this attack with proficiency, regardless of your weapon proficiencies, and the missile counts as a monk weapon for the attack."]},{"name":"Monastic Tradition","source":"PHB","page":76,"srd":true,"className":"Monk","classSource":"PHB","level":3,"entries":["When you reach 3rd level, you commit yourself to a monastic tradition, chosen from the list of available traditions. Your tradition grants you features at 3rd level and again at 6th, 11th, and 17th level."]},{"name":"Ability Score Improvement","source":"PHB","page":76,"srd":true,"className":"Monk","classSource":"PHB","level":4,"entries":["When you reach 4th level, you can increase one ability score of your choice by 2, or you can increase two ability scores of your choice by 1. As normal, you can't increase an ability score above 20 using this feature.","If your DM allows the use of feats, you may instead take a {@5etools feat|feats.html}."]},{"name":"Slow Fall","source":"PHB","page":76,"srd":true,"className":"Monk","classSource":"PHB","level":4,"entries":["Beginning at 4th level, you can use your reaction when you fall to reduce any falling damage you take by an amount equal to five times your monk level."]},{"name":"Extra Attack","source":"PHB","page":76,"srd":true,"className":"Monk","classSource":"PHB","level":5,"entries":["Beginning at 5th level, you can attack twice, instead of once, whenever you take the {@action Attack} action on your turn."]},{"name":"Stunning Strike","source":"PHB","page":76,"srd":true,"className":"Monk","classSource":"PHB","level":5,"entries":["Starting at 5th level, you can interfere with the flow of ki in an opponent's body. When you hit another creature with a melee weapon attack, you can spend 1 ki point to attempt a stunning strike. The target must succeed on a Constitution saving throw or be {@condition stunned} until the end of your next turn."]},{"name":"Ki-Empowered Strikes","source":"PHB","page":76,"srd":true,"className":"Monk","classSource":"PHB","level":6,"entries":["Starting at 6th level, your unarmed strikes count as magical for the purpose of overcoming resistance and immunity to nonmagical attacks and damage."]},{"name":"Monastic Tradition feature","source":"PHB","page":76,"srd":true,"className":"Monk","classSource":"PHB","level":6,"entries":["At 6th level, you gain one feature granted by your Monastic Tradition."]},{"name":"Evasion","source":"PHB","page":76,"srd":true,"className":"Monk","classSource":"PHB","level":7,"entries":["At 7th level, your instinctive agility lets you dodge out of the way of certain area effects, such as a blue dragon's lightning breath or a {@spell fireball} spell. When you are subjected to an effect that allows you to make a Dexterity saving throw to take only half damage, you instead take no damage if you succeed on the saving throw, and only half damage if you fail."]},{"name":"Stillness of Mind","source":"PHB","page":76,"srd":true,"className":"Monk","classSource":"PHB","level":7,"entries":["Starting at 7th level, you can use your action to end one effect on yourself that is causing you to be {@condition charmed} or {@condition frightened}."]},{"name":"Ability Score Improvement","source":"PHB","page":76,"srd":true,"className":"Monk","classSource":"PHB","level":8,"entries":["When you reach 8th level, you can increase one ability score of your choice by 2, or you can increase two ability scores of your choice by 1. As normal, you can't increase an ability score above 20 using this feature.","If your DM allows the use of feats, you may instead take a {@5etools feat|feats.html}."]},{"name":"Unarmored Movement improvement","source":"PHB","page":76,"srd":true,"className":"Monk","classSource":"PHB","level":9,"entries":["At 9th level, you gain the ability to move along vertical surfaces and across liquids on your turn without falling during the move."]},{"name":"Purity of Body","source":"PHB","page":76,"srd":true,"className":"Monk","classSource":"PHB","level":10,"entries":["At 10th level, your mastery of the ki flowing through you makes you immune to disease and poison."]},{"name":"Monastic Tradition feature","source":"PHB","page":76,"srd":true,"className":"Monk","classSource":"PHB","level":11,"entries":["At 11th level, you gain one feature granted by your Monastic Tradition."]},{"name":"Ability Score Improvement","source":"PHB","page":76,"srd":true,"className":"Monk","classSource":"PHB","level":12,"entries":["When you reach 12th level, you can increase one ability score of your choice by 2, or you can increase two ability scores of your choice by 1. As normal, you can't increase an ability score above 20 using this feature.","If your DM allows the use of feats, you may instead take a {@5etools feat|feats.html}."]},{"name":"Tongue of the Sun and Moon","source":"PHB","page":76,"srd":true,"className":"Monk","classSource":"PHB","level":13,"entries":["Starting at 13th level, you learn to touch the ki of other minds so that you understand all spoken languages. Moreover, any creature that can understand a language can understand what you say."]},{"name":"Diamond Soul","source":"PHB","page":76,"srd":true,"className":"Monk","classSource":"PHB","level":14,"entries":["Beginning at 14th level, your mastery of ki grants you proficiency in all saving throws.","Additionally, whenever you make a saving throw and fail, you can spend 1 ki point to reroll it and take the second result."]},{"name":"Timeless Body","source":"PHB","page":76,"srd":true,"className":"Monk","classSource":"PHB","level":15,"entries":["At 15th level, your ki sustains you so that you suffer none of the frailty of old age, and you can't be aged magically. You can still die of old age, however. In addition, you no longer need food or water."]},{"name":"Ability Score Improvement","source":"PHB","page":76,"srd":true,"className":"Monk","classSource":"PHB","level":16,"entries":["When you reach 16th level, you can increase one ability score of your choice by 2, or you can increase two ability scores of your choice by 1. As normal, you can't increase an ability score above 20 using this feature.","If your DM allows the use of feats, you may instead take a {@5etools feat|feats.html}."]},{"name":"Monastic Tradition feature","source":"PHB","page":76,"srd":true,"className":"Monk","classSource":"PHB","level":17,"entries":["At 17th level, you gain one feature granted by your Monastic Tradition."]},{"name":"Empty Body","source":"PHB","page":76,"srd":true,"className":"Monk","classSource":"PHB","level":18,"entries":["Beginning at 18th level, you can use your action to spend 4 ki points to become {@condition invisible} for 1 minute. During that time, you also have resistance to all damage but force damage.","Additionally, you can spend 8 ki points to cast the {@spell astral projection} spell, without needing material components. When you do so, you can't take any other creatures with you."]},{"name":"Ability Score Improvement","source":"PHB","page":76,"srd":true,"className":"Monk","classSource":"PHB","level":19,"entries":["When you reach 19th level, you can increase one ability score of your choice by 2, or you can increase two ability scores of your choice by 1. As normal, you can't increase an ability score above 20 using this feature.","If your DM allows the use of feats, you may instead take a {@5etools feat|feats.html}."]},{"name":"Perfect Self","source":"PHB","page":76,"srd":true,"className":"Monk","classSource":"PHB","level":20,"entries":["At 20th level, when you roll for initiative and have no ki points remaining, you regain 4 ki points."]}],"subclassFeature":[{"name":"Way of the Open Hand","source":"PHB","page":79,"srd":true,"className":"Monk","classSource":"PHB","subclassShortName":"Open Hand","subclassSource":"PHB","level":3,"entries":["Monks of the Way of the Open Hand are the ultimate masters of martial arts combat, whether armed or unarmed. They learn techniques to push and trip their opponents, manipulate ki to heal damage to their bodies, and practice advanced meditation that can protect them from harm.",{"type":"refSubclassFeature","subclassFeature":"Open Hand Technique|Monk||Open Hand||3"}]},{"name":"Open Hand Technique","source":"PHB","page":79,"srd":true,"className":"Monk","classSource":"PHB","subclassShortName":"Open Hand","subclassSource":"PHB","level":3,"header":1,"entries":["You can manipulate your enemy's ki when you harness your own. Whenever you hit a creature with one of the attacks granted by your Flurry of Blows, you can impose one of the following effects on that target.",{"type":"list","items":["It must succeed on a Dexterity saving throw or be knocked {@condition prone}.","It must make a Strength saving throw. If it fails, you can push it up to 15 feet away from you.","It can't take reactions until the end of your next turn."]}]},{"name":"Wholeness of Body","source":"PHB","page":79,"srd":true,"className":"Monk","classSource":"PHB","subclassShortName":"Open Hand","subclassSource":"PHB","level":6,"header":2,"entries":["You gain the ability to heal yourself. As an action, you can regain hit points equal to three times your monk level. You must finish a long rest before you can use this feature again."]},{"name":"Tranquility","source":"PHB","page":79,"srd":true,"className":"Monk","classSource":"PHB","subclassShortName":"Open Hand","subclassSource":"PHB","level":11,"header":2,"entries":["Beginning at 11th level, you can enter a special meditation that surrounds you with an aura of peace. At the end of a long rest, you gain the effect of a {@spell sanctuary} spell that lasts until the start of your next long rest (the spell can end early as normal). The saving throw DC for the spell equals 8 + your Wisdom modifier + your proficiency bonus."]},{"name":"Quivering Palm","source":"PHB","page":79,"srd":true,"className":"Monk","classSource":"PHB","subclassShortName":"Open Hand","subclassSource":"PHB","level":17,"header":2,"entries":["You gain the ability to set up lethal vibrations in someone's body. When you hit a creature with an unarmed strike, you can spend 3 ki points to start these imperceptible vibrations, which last for a number of days equal to your monk level. The vibrations are harmless unless you use your action to end them. To do so, you and the target must be on the same plane of existence. When you use this action, the creature must make a Constitution saving throw. If it fails, it is reduced to 0 hit points. If it succeeds, it takes {@damage 10d10} necrotic damage.","You can have only one creature under the effect of this feature at a time. You can choose to end the vibrations harmlessly without using an action."]}]}