{"class":[{"name":"Barbarian","source":"PHB","page":46,"srd":true,"hd":{"number":1,"faces":12},"proficiency":["str","con"],"startingProficiencies":{"armor":["light","medium","{@item shield|phb|shields}"],"weapons":["simple","martial"],"skills":[{"choose":{"from":["animal handling","athletics","intimidation","nature","perception","survival"],"count":2}}]},"startingEquipment":{"additionalFromBackground":true,"default":["(a) a {@item greataxe|phb} or (b) any {@filter martial melee weapon|items|source=phb|category=basic|type=martial weapon;melee weapon=sand}","(a) two {@item handaxe|phb|handaxes} or (b) any {@filter simple weapon|items|source=phb|category=basic|type=simple weapon}","An {@item explorer's pack|phb}, and four {@item javelin|phb|javelins}"],"goldAlternative":"{@dice 2d4 × 10|2d4 × 10|Starting Gold}","defaultData":[{"a":["greataxe|phb"],"b":[{"equipmentType":"weaponMartialMelee"}]},{"a":[{"item":"handaxe|phb","quantity":2}],"b":[{"equipmentType":"weaponSimple"}]},{"_":["explorer's pack|phb",{"item":"javelin|phb","quantity":4}]}]},"multiclassing":{"requirements":{"str":13},"proficienciesGained":{"armor":["{@item shield|phb|shields}"],"weapons":["simple","martial"]}},"classTableGroups":[{"colLabels":["Rages","Rage Damage"],"rows":[["2",{"type":"bonus","value":2}],["2",{"type":"bonus","value":2}],["3",{"type":"bonus","value":2}],["3",{"type":"bonus","value":2}],["3",{"type":"bonus","value":2}],["4",{"type":"bonus","value":2}],["4",{"type":"bonus","value":2}],["4",{"type":"bonus","value":2}],["4",{"type":"bonus","value":3}],["4",{"type":"bonus","value":3}],["4",{"type":"bonus","value":3}],["5",{"type":"bonus","value":3}],["5",{"type":"bonus","value":3}],["5",{"type":"bonus","value":3}],["5",{"type":"bonus","value":3}],["5",{"type":"bonus","value":4}],["6",{"type":"bonus","value":4}],["6",{"type":"bonus","value":4}],["6",{"type":"bonus","value":4}],["Unlimited",{"type":"bonus","value":4}]]}],"classFeatures":["Rage|Barbarian||1","Unarmored Defense|Barbarian||1","Danger Sense|Barbarian||2","Survival Instincts|Barbarian||2|UAClassFeatureVariants","Reckless Attack|Barbarian||2",{"classFeature":"Primal Path|Barbarian||3","gainSubclassFeature":true},"Primal Knowledge|Barbarian||3|TCE","Ability Score Improvement|Barbarian||4","Proficiency Versatility|Barbarian||4|UAClassFeatureVariants","Extra Attack|Barbarian||5","Fast Movement|Barbarian||5","Instinctive Pounce|Barbarian||5|UAClassFeatureVariants",{"classFeature":"Path Feature|Barbarian||6","gainSubclassFeature":true},"Feral Instinct|Barbarian||7","Instinctive Pounce|Barbarian||7|TCE","Ability Score Improvement|Barbarian||8","Proficiency Versatility|Barbarian||8|UAClassFeatureVariants","Brutal Critical (1 die)|Barbarian||9",{"classFeature":"Path feature|Barbarian||10","gainSubclassFeature":true},"Relentless Rage|Barbarian||11","Ability Score Improvement|Barbarian||12","Proficiency Versatility|Barbarian||12|UAClassFeatureVariants","Brutal Critical (2 dice)|Barbarian||13",{"classFeature":"Path feature|Barbarian||14","gainSubclassFeature":true},"Persistent Rage|Barbarian||15","Ability Score Improvement|Barbarian||16","Proficiency Versatility|Barbarian||16|UAClassFeatureVariants","Brutal Critical (3 dice)|Barbarian||17","Indomitable Might|Barbarian||18","Ability Score Improvement|Barbarian||19","Proficiency Versatility|Barbarian||19|UAClassFeatureVariants","Primal Champion|Barbarian||20"],"subclassTitle":"Primal Path","fluff":[]}],"subclass":[{"name":"Path of the Berserker","shortName":"Berserker","source":"PHB","className":"Barbarian","classSource":"PHB","page":49,"srd":true,"subclassFeatures":["Path of the Berserker|Barbarian||Berserker||3","Mindless Rage|Barbarian||Berserker||6","Intimidating Presence|Barbarian||Berserker||10","Retaliation|Barbarian||Berserker||14"]}],"classFeature":[{"name":"Rage","source":"PHB","page":46,"srd":true,"className":"Barbarian","classSource":"PHB","level":1,"entries":["In battle, you fight with primal ferocity. On your turn, you can enter a rage as a bonus action.","While raging, you gain the following benefits if you aren't wearing heavy armor:",{"type":"list","items":["You have advantage on Strength checks and Strength saving throws.","When you make a melee weapon attack using Strength, you gain a +2 bonus to the damage roll. This bonus increases as you level.","You have resistance to bludgeoning, piercing, and slashing damage."]},"If you are able to cast spells, you can't cast them or concentrate on them while raging.","Your rage lasts for 1 minute. It ends early if you are knocked {@condition unconscious} or if your turn ends and you haven't attacked a hostile creature since your last turn or taken damage since then. You can also end your rage on your turn as a bonus action.","Once you have raged the maximum number of times for your barbarian level, you must finish a long rest before you can rage again. You may rage 2 times at 1st level, 3 at 3rd, 4 at 6th, 5 at 12th, and 6 at 17th."]},{"name":"Unarmored Defense","source":"PHB","page":46,"srd":true,"className":"Barbarian","classSource":"PHB","level":1,"entries":["While you are not wearing any armor, your Armor Class equals 10 + your Dexterity modifier + your Constitution modifier. You can use a shield and still gain this benefit."]},{"name":"Danger Sense","source":"PHB","page":46,"srd":true,"className":"Barbarian","classSource":"PHB","level":2,"entries":["At 2nd level, you gain an uncanny sense of when things nearby aren't as they should be, giving you an edge when you dodge away from danger. You have advantage on Dexterity saving throws against effects that you can see, such as traps and spells. To gain this benefit, you can't be {@condition blinded}, {@condition deafened}, or {@condition incapacitated}."]},{"name":"Reckless Attack","source":"PHB","page":46,"srd":true,"className":"Barbarian","classSource":"PHB","level":2,"entries":["Starting at 2nd level, you can throw aside all concern for defense to attack with fierce desperation. When you make your first attack on your turn, you can decide to attack recklessly. Doing so gives you advantage on melee weapon attack rolls using Strength during this turn, but attack rolls against you have advantage until your next turn."]},{"name":"Primal Path","source":"PHB","page":46,"srd":true,"className":"Barbarian","classSource":"PHB","level":3,"entries":["At 3rd level, you choose a path that shapes the nature of your rage from the list of available paths. Your choice grants you features at 3rd level and again at 6th, 10th, and 14th levels."]},{"name":"Ability Score Improvement","source":"PHB","page":46,"srd":true,"className":"Barbarian","classSource":"PHB","level":4,"entries":["When you reach 4th level, you can increase one ability score of your choice by 2, or you can increase two ability scores of your choice by 1. As normal, you can't increase an ability score above 20 using this feature.","If your DM allows the use of feats, you may instead take a {@5etools feat|feats.html}."]},{"name":"Extra Attack","source":"PHB","page":46,"srd":true,"className":"Barbarian","classSource":"PHB","level":5,"entries":["Beginning at 5th level, you can attack twice, instead of once, whenever you take the {@action Attack} action on your turn."]},{"name":"Fast Movement","source":"PHB","page":46,"srd":true,"className":"Barbarian","classSource":"PHB","level":5,"entries":["Starting at 5th level, your speed increases by 10 feet while you aren't wearing heavy armor."]},{"name":"Path Feature","source":"PHB","page":46,"srd":true,"className":"Barbarian","classSource":"PHB","level":6,"entries":["At 6th level, you gain a feature from your Primal Path."]},{"name":"Feral Instinct","source":"PHB","page":46,"srd":true,"className":"Barbarian","classSource":"PHB","level":7,"entries":["By 7th level, your instincts are so honed that you have advantage on initiative rolls.","Additionally, if you are surprised at the beginning of combat and aren't {@condition incapacitated}, you can act normally on your first turn, but only if you enter your rage before doing anything else on that turn."]},{"name":"Ability Score Improvement","source":"PHB","page":46,"srd":true,"className":"Barbarian","classSource":"PHB","level":8,"entries":["When you reach 8th level, you can increase one ability score of your choice by 2, or you can increase two ability scores of your choice by 1. As normal, you can't increase an ability score above 20 using this feature.","If your DM allows the use of feats, you may instead take a {@5etools feat|feats.html}."]},{"name":"Brutal Critical (1 die)","source":"PHB","page":46,"srd":true,"className":"Barbarian","classSource":"PHB","level":9,"entries":["Beginning at 9th level, you can roll one additional weapon damage die when determining the extra damage for a critical hit with a melee attack.","This increases to two additional dice at 13th level and three additional dice at 17th level."]},{"name":"Path feature","source":"PHB","page":46,"srd":true,"className":"Barbarian","classSource":"PHB","level":10,"entries":["At 10th level, you gain a feature from your Primal Path."]},{"name":"Relentless Rage","source":"PHB","page":46,"srd":true,"className":"Barbarian","classSource":"PHB","level":11,"entries":["Starting at 11th level, your rage can keep you fighting despite grievous wounds. If you drop to 0 hit points while you're raging and don't die outright, you can make a DC 10 Constitution saving throw. If you succeed, you drop to 1 hit point instead.","Each time you use this feature after the first, the DC increases by 5. When you finish a short or long rest, the DC resets to 10."]},{"name":"Ability Score Improvement","source":"PHB","page":46,"srd":true,"className":"Barbarian","classSource":"PHB","level":12,"entries":["When you reach 12th level, you can increase one ability score of your choice by 2, or you can increase two ability scores of your choice by 1. As normal, you can't increase an ability score above 20 using this feature.","If your DM allows the use of feats, you may instead take a {@5etools feat|feats.html}."]},{"name":"Brutal Critical (2 dice)","source":"PHB","page":46,"srd":true,"className":"Barbarian","classSource":"PHB","level":13,"entries":["At 13th level, you can roll two additional weapon damage dice when determining the extra damage for a critical hit with a melee attack.","This increases to three additional dice at 17th level."]},{"name":"Path feature","source":"PHB","page":46,"srd":true,"className":"Barbarian","classSource":"PHB","level":14,"entries":["At 14th level, you gain a feature from your Primal Path."]},{"name":"Persistent Rage","source":"PHB","page":46,"srd":true,"className":"Barbarian","classSource":"PHB","level":15,"entries":["Beginning at 15th level, your rage is so fierce that it ends early only if you fall {@condition unconscious} or if you choose to end it."]},{"name":"Ability Score Improvement","source":"PHB","page":46,"srd":true,"className":"Barbarian","classSource":"PHB","level":16,"entries":["When you reach 16th level, you can increase one ability score of your choice by 2, or you can increase two ability scores of your choice by 1. As normal, you can't increase an ability score above 20 using this feature.","If your DM allows the use of feats, you may instead take a {@5etools feat|feats.html}."]},{"name":"Brutal Critical (3 dice)","source":"PHB","page":46,"srd":true,"className":"Barbarian","classSource":"PHB","level":17,"entries":["At 17th level, you can roll three additional weapon damage dice when determining the extra damage for a critical hit with a melee attack."]},{"name":"Indomitable Might","source":"PHB","page":46,"srd":true,"className":"Barbarian","classSource":"PHB","level":18,"entries":["Beginning at 18th level, if your total for a Strength check is less than your Strength score, you can use that score in place of the total."]},{"name":"Ability Score Improvement","source":"PHB","page":46,"srd":true,"className":"Barbarian","classSource":"PHB","level":19,"entries":["When you reach 19th level, you can increase one ability score of your choice by 2, or you can increase two ability scores of your choice by 1. As normal, you can't increase an ability score above 20 using this feature.","If your DM allows the use of feats, you may instead take a {@5etools feat|feats.html}."]},{"name":"Primal Champion","source":"PHB","page":46,"srd":true,"className":"Barbarian","classSource":"PHB","level":20,"entries":["At 20th level, you embody the power of the wilds. Your Strength and Constitution scores increase by 4. Your maximum for those scores is now 24."]}],"subclassFeature":[{"name":"Path of the Berserker","source":"PHB","page":49,"srd":true,"className":"Barbarian","classSource":"PHB","subclassShortName":"Berserker","subclassSource":"PHB","level":3,"entries":["For some barbarians, rage is a means to an end—that end being violence. The Path of the Berserker is a path of untrammeled fury, slick with blood. As you enter the berserker's rage, you thrill in the chaos of battle, heedless of your own health or well-being.",{"type":"refSubclassFeature","subclassFeature":"Frenzy|Barbarian||Berserker||3"}]},{"name":"Frenzy","source":"PHB","page":49,"srd":true,"className":"Barbarian","classSource":"PHB","subclassShortName":"Berserker","subclassSource":"PHB","level":3,"header":1,"entries":["Starting when you choose this path at 3rd level, you can go into a frenzy when you rage. If you do so, for the duration of your rage you can make a single melee weapon attack as a bonus action on each of your turns after this one. When your rage ends, you suffer one level of {@condition exhaustion}."]},{"name":"Mindless Rage","source":"PHB","page":49,"srd":true,"className":"Barbarian","classSource":"PHB","subclassShortName":"Berserker","subclassSource":"PHB","level":6,"header":2,"entries":["Beginning at 6th level, you can't be {@condition charmed} or {@condition frightened} while raging. If you are {@condition charmed} or {@condition frightened} when you enter your rage, the effect is suspended for the duration of the rage."]},{"name":"Intimidating Presence","source":"PHB","page":49,"srd":true,"className":"Barbarian","classSource":"PHB","subclassShortName":"Berserker","subclassSource":"PHB","level":10,"header":2,"entries":["Beginning at 10th level, you can use your action to frighten someone with your menacing presence. When you do so, choose one creature that you can see within 30 feet of you. If the creature can see or hear you, it must succeed on a Wisdom saving throw (DC equal to 8 + your proficiency bonus + your Charisma modifier) or be {@condition frightened} of you until the end of your next turn. On subsequent turns, you can use your action to extend the duration of this effect on the {@condition frightened} creature until the end of your next turn. This effect ends if the creature ends its turn out of line of sight or more than 60 feet away from you.","If the creature succeeds on its saving throw, you can't use this feature on that creature again for 24 hours."]},{"name":"Retaliation","source":"PHB","page":49,"srd":true,"className":"Barbarian","classSource":"PHB","subclassShortName":"Berserker","subclassSource":"PHB","level":14,"header":2,"entries":["Starting at 14th level, when you take damage from a creature that is within 5 feet of you, you can use your reaction to make a melee weapon attack against that creature."]}]}