{"class":[{"name":"Ranger","source":"PHB","page":89,"srd":true,"hd":{"number":1,"faces":10},"proficiency":["str","dex"],"spellcastingAbility":"wis","casterProgression":"1/2","spellsKnownProgression":[0,2,3,3,4,4,5,5,6,6,7,7,8,8,9,9,10,10,11,11],"startingProficiencies":{"armor":["light","medium","{@item shield|phb|shields}"],"weapons":["simple","martial"],"skills":[{"choose":{"from":["animal handling","athletics","insight","investigation","nature","perception","stealth","survival"],"count":3}}]},"startingEquipment":{"additionalFromBackground":true,"default":["(a) {@item scale mail|phb} or (b) {@item leather armor|phb}","(a) two {@item shortsword|phb|shortswords} or (b) two {@filter simple melee weapons|items|source=phb|category=basic|type=simple weapon;melee weapon=sand}","(a) a {@item dungeoneer's pack|phb} or (b) an {@item explorer's pack|phb}","A {@item longbow|phb} and a {@item quiver|phb} of {@item arrows (20)|phb|20 arrows}"],"goldAlternative":"{@dice 5d4 × 10|5d4 × 10|Starting Gold}","defaultData":[{"a":["scale mail|phb"],"b":["leather armor|phb"]},{"a":[{"item":"shortsword|phb","quantity":2}],"b":[{"equipmentType":"weaponSimpleMelee","quantity":2}]},{"a":["dungeoneer's pack|phb"],"b":["explorer's pack|phb"]},{"_":["longbow|phb","arrows (20)|phb"]}]},"multiclassing":{"requirements":{"dex":13,"wis":13},"proficienciesGained":{"armor":["light","medium","{@item shield|phb|shields}"],"skills":[{"choose":{"from":["animal handling","athletics","insight","investigation","nature","perception","stealth","survival"],"count":1}}],"weapons":["simple","martial"]}},"classTableGroups":[{"colLabels":["{@filter Spells Known|spells|class=ranger}"],"rows":[[0],[2],[3],[3],[4],[4],[5],[5],[6],[6],[7],[7],[8],[8],[9],[9],[10],[10],[11],[11]]},{"title":"Spell Slots per Spell Level","colLabels":["{@filter 1st|spells|level=1|class=Ranger}","{@filter 2nd|spells|level=2|class=Ranger}","{@filter 3rd|spells|level=3|class=Ranger}","{@filter 4th|spells|level=4|class=Ranger}","{@filter 5th|spells|level=5|class=Ranger}"],"rowsSpellProgression":[[0,0,0,0,0],[2,0,0,0,0],[3,0,0,0,0],[3,0,0,0,0],[4,2,0,0,0],[4,2,0,0,0],[4,3,0,0,0],[4,3,0,0,0],[4,3,2,0,0],[4,3,2,0,0],[4,3,3,0,0],[4,3,3,0,0],[4,3,3,1,0],[4,3,3,1,0],[4,3,3,2,0],[4,3,3,2,0],[4,3,3,3,1],[4,3,3,3,1],[4,3,3,3,2],[4,3,3,3,2]]}],"classFeatures":["Favored Enemy|Ranger||1","Favored Foe|Ranger||1|UAClassFeatureVariants","Favored Foe|Ranger||1|TCE","Natural Explorer|Ranger||1","Deft Explorer|Ranger||1|UAClassFeatureVariants","Deft Explorer|Ranger||1|TCE","Fighting Style|Ranger||2","Martial Versatility|Ranger||2|UAClassFeatureVariants","Spellcasting|Ranger||2","Spell Versatility|Ranger||2|UAClassFeatureVariants","Spellcasting Focus|Ranger||2|UAClassFeatureVariants","Spellcasting Focus|Ranger||2|TCE",{"classFeature":"Ranger Archetype|Ranger||3","gainSubclassFeature":true},"Primeval Awareness|Ranger||3","Primal Awareness|Ranger||3|UAClassFeatureVariants","Primal Awareness|Ranger||3|TCE","Ability Score Improvement|Ranger||4","Proficiency Versatility|Ranger||4|UAClassFeatureVariants","Martial Versatility|Ranger||4|TCE","Extra Attack|Ranger||5","Favored Enemy and Natural Explorer improvements|Ranger||6","Deft Explorer Improvement|Ranger||6|TCE",{"classFeature":"Ranger Archetype feature|Ranger||7","gainSubclassFeature":true},"Ability Score Improvement|Ranger||8","Proficiency Versatility|Ranger||8|UAClassFeatureVariants","Land's Stride|Ranger||8","Hide in Plain Sight|Ranger||10","Fade Away|Ranger||10|UAClassFeatureVariants","Nature's Veil|Ranger||10|TCE","Natural Explorer improvement|Ranger||10","Deft Explorer Improvement|Ranger||10|TCE",{"classFeature":"Ranger Archetype feature|Ranger||11","gainSubclassFeature":true},"Ability Score Improvement|Ranger||12","Proficiency Versatility|Ranger||12|UAClassFeatureVariants","Vanish|Ranger||14","Favored Enemy improvement|Ranger||14",{"classFeature":"Ranger Archetype feature|Ranger||15","gainSubclassFeature":true},"Ability Score Improvement|Ranger||16","Proficiency Versatility|Ranger||16|UAClassFeatureVariants","Feral Senses|Ranger||18","Ability Score Improvement|Ranger||19","Proficiency Versatility|Ranger||19|UAClassFeatureVariants","Foe Slayer|Ranger||20"],"subclassTitle":"Ranger Archetype","fluff":[]}],"subclass":[{"name":"Hunter","shortName":"Hunter","source":"PHB","className":"Ranger","classSource":"PHB","page":93,"srd":true,"subclassFeatures":["Hunter|Ranger||Hunter||3","Defensive Tactics|Ranger||Hunter||7","Multiattack|Ranger||Hunter||11","Superior Hunter's Defense|Ranger||Hunter||15"]}],"classFeature":[{"name":"Favored Enemy","source":"PHB","page":89,"srd":true,"className":"Ranger","classSource":"PHB","level":1,"entries":["Beginning at 1st level, you have significant experience studying, tracking, hunting, and even talking to a certain type of enemy.","Choose a type of favored enemy: {@filter aberrations|bestiary|type=aberration}, {@filter beasts|bestiary|type=beast}, {@filter celestials|bestiary|type=celestial}, {@filter constructs|bestiary|type=construct}, {@filter dragons|bestiary|type=dragon}, {@filter elementals|bestiary|type=elemental}, {@filter fey|bestiary|type=fey}, {@filter fiends|bestiary|type=fiend}, {@filter giants|bestiary|type=giant}, {@filter monstrosities|bestiary|type=monstrosity}, {@filter oozes|bestiary|type=ooze}, {@filter plants|bestiary|type=plant}, or {@filter undead|bestiary|type=undead}. Alternatively, you can select two races of {@filter humanoid|bestiary|type=humanoid} (such as {@creature gnoll||gnolls} and {@creature orc||orcs}) as favored enemies.","You have advantage on Wisdom ({@skill Survival}) checks to track your favored enemies, as well as on Intelligence checks to recall information about them.","When you gain this feature, you also learn one language of your choice that is spoken by your favored enemies, if they speak one at all.","You choose one additional favored enemy, as well as an associated language, at 6th and 14th level. As you gain levels, your choices should reflect the types of monsters you have encountered on your adventures."]},{"name":"Natural Explorer","source":"PHB","page":89,"srd":true,"className":"Ranger","classSource":"PHB","level":1,"entries":["You are particularly familiar with one type of natural environment and are adept at traveling and surviving in such regions. Choose one type of favored terrain: arctic, coast, desert, forest, grassland, mountain, swamp, or the Underdark. When you make an Intelligence or Wisdom check related to your favored terrain, your proficiency bonus is doubled if you are using a skill that you're proficient in.","While traveling for an hour or more in your favored terrain, you gain the following benefits:",{"type":"list","items":["Difficult terrain doesn't slow your group's travel.","Your group can't become lost except by magical means.","Even when you are engaged in another activity while traveling (such as foraging, navigating, or tracking), you remain alert to danger.","If you are traveling alone, you can move stealthily at a normal pace.","When you forage, you find twice as much food as you normally would.","While tracking other creatures, you also learn their exact number, their sizes, and how long ago they passed through the area."]},"You choose additional favored terrain types at 6th and 10th level."]},{"name":"Fighting Style","source":"PHB","page":89,"srd":true,"className":"Ranger","classSource":"PHB","level":2,"entries":["At 2nd level, you adopt a particular style of fighting as your specialty. Choose one of the following options. You can't take a Fighting Style option more than once, even if you later get to choose again.",{"type":"options","count":1,"entries":[{"type":"refOptionalfeature","optionalfeature":"Archery"},{"type":"refOptionalfeature","optionalfeature":"Close Quarters Shooter|UALightDarkUnderdark"},{"type":"refOptionalfeature","optionalfeature":"Defense"},{"type":"refOptionalfeature","optionalfeature":"Dueling"},{"type":"refOptionalfeature","optionalfeature":"Mariner|UAWaterborneAdventures"},{"type":"refOptionalfeature","optionalfeature":"Tunnel Fighter|UALightDarkUnderdark"},{"type":"refOptionalfeature","optionalfeature":"Two-Weapon Fighting"},{"type":"refOptionalfeature","optionalfeature":"Blind Fighting|UAClassFeatureVariants"},{"type":"refOptionalfeature","optionalfeature":"Interception|UAClassFeatureVariants"},{"type":"refOptionalfeature","optionalfeature":"Thrown Weapon Fighting|UAClassFeatureVariants"},{"type":"refOptionalfeature","optionalfeature":"Unarmed Fighting|UAClassFeatureVariants"},{"type":"refOptionalfeature","optionalfeature":"Druidic Warrior|UAClassFeatureVariants"},{"type":"refOptionalfeature","optionalfeature":"Blind Fighting|TCE"},{"type":"refOptionalfeature","optionalfeature":"Druidic Warrior|TCE"},{"type":"refOptionalfeature","optionalfeature":"Thrown Weapon Fighting|TCE"}]}]},{"name":"Spellcasting","source":"PHB","page":89,"srd":true,"className":"Ranger","classSource":"PHB","level":2,"entries":["By the time you reach 2nd level, you have learned to use the magical essence of nature to cast spells, much as a druid does. See {@book chapter 10|PHB|10} for the general rules of spellcasting and {@book chapter 11|PHB|11} for the {@filter ranger spell list|spells|class=ranger}.",{"type":"entries","name":"Spell Slots","entries":["The Ranger table shows how many spell slots you have to cast your {@filter ranger spells|spells|class=ranger} of 1st level and higher. To cast one of these spells, you must expend a slot of the spell's level or higher. You regain all expended spell slots when you finish a long rest.","For example, if you know the 1st-level spell {@spell animal friendship} and have a 1st-level and a 2nd-level spell slot available, you can cast {@spell animal friendship} using either slot."]},{"type":"entries","name":"Spells Known of 1st Level and Higher","entries":["You know two 1st-level spells of your choice from the ranger spell list.","The Spells Known column of the Ranger table shows when you learn more ranger spells of your choice. Each of these spells must be of a level for which you have spell slots. For instance, when you reach 5th level in this class, you can learn one new spell of 1st or 2nd level.","Additionally, when you gain a level in this class, you can choose one of the ranger spells you know and replace it with another spell from the ranger spell list, which also must be of a level for which you have spell slots."]},{"type":"entries","name":"Spellcasting Ability","entries":["Wisdom is your spellcasting ability for your ranger spells, since your magic draws on your attunement to nature. You use your Wisdom whenever a spell refers to your spellcasting ability. In addition, you use your Wisdom modifier when setting the saving throw DC for a ranger spell you cast and when making an attack roll with one.",{"type":"abilityDc","name":"Spell","attributes":["wis"]},{"type":"abilityAttackMod","name":"Spell","attributes":["wis"]}]}]},{"name":"Primeval Awareness","source":"PHB","page":89,"srd":true,"className":"Ranger","classSource":"PHB","level":3,"entries":["Beginning at 3rd level, you can use your action and expend one ranger spell slot to focus your awareness on the region around you. For 1 minute per level of the spell slot you expend, you can sense whether the following types of creatures are present within 1 mile of you (or within up to 6 miles if you are in your favored terrain): aberrations, celestials, dragons, elementals, fey, fiends, and undead. This feature doesn't reveal the creatures' location or number."]},{"name":"Ranger Archetype","source":"PHB","page":89,"srd":true,"className":"Ranger","classSource":"PHB","level":3,"entries":["At 3rd level, you choose an archetype that you strive to emulate from the list of available archetypes. Your choice grants features at 3rd level, and again at 7th, 11th, and 15th level."]},{"name":"Ability Score Improvement","source":"PHB","page":89,"srd":true,"className":"Ranger","classSource":"PHB","level":4,"entries":["When you reach 4th level, you can increase one ability score of your choice by 2, or you can increase two ability scores of your choice by 1. As normal, you can't increase an ability score above 20 using this feature.","If your DM allows the use of feats, you may instead take a {@5etools feat|feats.html}."]},{"name":"Extra Attack","source":"PHB","page":89,"srd":true,"className":"Ranger","classSource":"PHB","level":5,"entries":["Beginning at 5th level, you can attack twice, instead of once, whenever you take the {@action Attack} action on your turn."]},{"name":"Favored Enemy and Natural Explorer improvements","source":"PHB","page":89,"srd":true,"className":"Ranger","classSource":"PHB","level":6,"entries":["At 6th level, you gain an additional favored terrain.","At 6th level, you choose one additional favored enemy, as well as an associated language. Your choice should reflect the types of monsters you have encountered on your adventures."]},{"name":"Ranger Archetype feature","source":"PHB","page":89,"srd":true,"className":"Ranger","classSource":"PHB","level":7,"entries":["At 7th level, you gain a feature granted to you by your Ranger Archetype."]},{"name":"Ability Score Improvement","source":"PHB","page":89,"srd":true,"className":"Ranger","classSource":"PHB","level":8,"entries":["When you reach 8th level, you can increase one ability score of your choice by 2, or you can increase two ability scores of your choice by 1. As normal, you can't increase an ability score above 20 using this feature.","If your DM allows the use of feats, you may instead take a {@5etools feat|feats.html}."]},{"name":"Land's Stride","source":"PHB","page":89,"srd":true,"className":"Ranger","classSource":"PHB","level":8,"entries":["Starting at 8th level, moving through nonmagical difficult terrain costs you no extra movement. You can also pass through nonmagical plants without being slowed by them and without taking damage from them if they have thorns, spines, or a similar hazard.","In addition, you have advantage on saving throws against plants that are magically created or manipulated to impede movement, such those created by the {@spell entangle} spell."]},{"name":"Hide in Plain Sight","source":"PHB","page":89,"srd":true,"className":"Ranger","classSource":"PHB","level":10,"entries":["Starting at 10th level, you can spend 1 minute creating camouflage for yourself. You must have access to fresh mud, dirt, plants, soot, and other naturally occurring materials with which to create your camouflage.","Once you are camouflaged in this way, you can try to hide by pressing yourself up against a solid surface, such as a tree or wall, that is at least as tall and wide as you are. You gain a +10 bonus to Dexterity ({@skill Stealth}) checks as long as you remain there without moving or taking actions. Once you move or take an action or a reaction, you must camouflage yourself again to gain this benefit."]},{"name":"Natural Explorer improvement","source":"PHB","page":89,"srd":true,"className":"Ranger","classSource":"PHB","level":10,"entries":["You gain an additional favored terrain."]},{"name":"Ranger Archetype feature","source":"PHB","page":89,"srd":true,"className":"Ranger","classSource":"PHB","level":11,"entries":["At 11th level, you gain a feature granted to you by your Ranger Archetype."]},{"name":"Ability Score Improvement","source":"PHB","page":89,"srd":true,"className":"Ranger","classSource":"PHB","level":12,"entries":["When you reach 12th level, you can increase one ability score of your choice by 2, or you can increase two ability scores of your choice by 1. As normal, you can't increase an ability score above 20 using this feature.","If your DM allows the use of feats, you may instead take a {@5etools feat|feats.html}."]},{"name":"Favored Enemy improvement","source":"PHB","page":89,"srd":true,"className":"Ranger","classSource":"PHB","level":14,"entries":["At 14th level, you choose one additional favored enemy, as well as an associated language. Your choice should reflect the types of monsters you have encountered on your adventures."]},{"name":"Vanish","source":"PHB","page":89,"srd":true,"className":"Ranger","classSource":"PHB","level":14,"entries":["Starting at 14th level, you can use the {@action Hide} action as a bonus action on your turn. Also, you can't be tracked by nonmagical means, unless you choose to leave a trail."]},{"name":"Ranger Archetype feature","source":"PHB","page":89,"srd":true,"className":"Ranger","classSource":"PHB","level":15,"entries":["At 15th level, you gain a feature granted to you by your Ranger Archetype."]},{"name":"Ability Score Improvement","source":"PHB","page":89,"srd":true,"className":"Ranger","classSource":"PHB","level":16,"entries":["When you reach 16th level, you can increase one ability score of your choice by 2, or you can increase two ability scores of your choice by 1. As normal, you can't increase an ability score above 20 using this feature.","If your DM allows the use of feats, you may instead take a {@5etools feat|feats.html}."]},{"name":"Feral Senses","source":"PHB","page":89,"srd":true,"className":"Ranger","classSource":"PHB","level":18,"entries":["At 18th level, you gain preternatural senses that help you fight creatures you can't see. When you attack a creature you can't see, your inability to see it doesn't impose disadvantage on your attack rolls against it. You are also aware of the location of any {@condition invisible} creature within 30 feet of you, provided that the creature isn't hidden from you and you aren't {@condition blinded} or {@condition deafened}."]},{"name":"Ability Score Improvement","source":"PHB","page":89,"srd":true,"className":"Ranger","classSource":"PHB","level":19,"entries":["When you reach 19th level, you can increase one ability score of your choice by 2, or you can increase two ability scores of your choice by 1. As normal, you can't increase an ability score above 20 using this feature.","If your DM allows the use of feats, you may instead take a {@5etools feat|feats.html}."]},{"name":"Foe Slayer","source":"PHB","page":89,"srd":true,"className":"Ranger","classSource":"PHB","level":20,"entries":["At 20th level, you become an unparalleled hunter of your enemies. Once on each of your turns, you can add your Wisdom modifier to the attack roll or the damage roll of an attack you make against one of your favored enemies. You can choose to use this feature before or after the roll, but before any effects of the roll are applied."]}],"subclassFeature":[{"name":"Hunter","source":"PHB","page":93,"srd":true,"className":"Ranger","classSource":"PHB","subclassShortName":"Hunter","subclassSource":"PHB","level":3,"entries":["Emulating the Hunter archetype means accepting your place as a bulwark between civilization and the terrors of the wilderness. As you walk the Hunter's path, you learn specialized techniques for fighting the threats you face, from rampaging ogres and hordes of orcs to towering giants and terrifying dragons.",{"type":"refSubclassFeature","subclassFeature":"Hunter's Prey|Ranger||Hunter||3"}]},{"name":"Horde Breaker","source":"PHB","page":93,"srd":true,"className":"Ranger","classSource":"PHB","subclassShortName":"Hunter","subclassSource":"PHB","level":3,"header":1,"entries":["Once on each of your turns when you make a weapon attack, you can make another attack with the same weapon against a different creature that is within 5 feet of the original target and within range of your weapon."]},{"name":"Hunter's Prey","source":"PHB","page":93,"srd":true,"className":"Ranger","classSource":"PHB","subclassShortName":"Hunter","subclassSource":"PHB","level":3,"header":1,"entries":["At 3rd level, you gain one of the following features of your choice.",{"type":"options","count":1,"entries":[{"type":"refSubclassFeature","subclassFeature":"Colossus Slayer|Ranger||Hunter||3"},{"type":"refSubclassFeature","subclassFeature":"Giant Killer|Ranger||Hunter||3"},{"type":"refSubclassFeature","subclassFeature":"Horde Breaker|Ranger||Hunter||3"}]}]},{"name":"Colossus Slayer","source":"PHB","page":93,"srd":true,"className":"Ranger","classSource":"PHB","subclassShortName":"Hunter","subclassSource":"PHB","level":3,"header":2,"entries":["Your tenacity can wear down the most potent foes. When you hit a creature with a weapon attack, the creature takes an extra {@damage 1d8} damage if it's below its hit point maximum. You can deal this extra damage only once per turn."]},{"name":"Giant Killer","source":"PHB","page":93,"srd":true,"className":"Ranger","classSource":"PHB","subclassShortName":"Hunter","subclassSource":"PHB","level":3,"header":2,"entries":["When a Large or larger creature within 5 feet of you hits or misses you with an attack, you can use your reaction to attack that creature immediately after its attack, provided that you can see the creature."]},{"name":"Defensive Tactics","source":"PHB","page":93,"srd":true,"className":"Ranger","classSource":"PHB","subclassShortName":"Hunter","subclassSource":"PHB","level":7,"header":2,"entries":["At 7th level, you gain one of the following features of your choice.",{"type":"options","count":1,"entries":[{"type":"refSubclassFeature","subclassFeature":"Escape the Horde|Ranger||Hunter||7"},{"type":"refSubclassFeature","subclassFeature":"Multiattack Defense|Ranger||Hunter||7"},{"type":"refSubclassFeature","subclassFeature":"Steel Will|Ranger||Hunter||7"}]}]},{"name":"Escape the Horde","source":"PHB","page":93,"srd":true,"className":"Ranger","classSource":"PHB","subclassShortName":"Hunter","subclassSource":"PHB","level":7,"header":2,"entries":["Opportunity attacks against you are made with disadvantage."]},{"name":"Multiattack Defense","source":"PHB","page":93,"srd":true,"className":"Ranger","classSource":"PHB","subclassShortName":"Hunter","subclassSource":"PHB","level":7,"header":2,"entries":["When a creature hits you with an attack, you gain a +4 bonus to AC against all subsequent attacks made by that creature for the rest of the turn."]},{"name":"Steel Will","source":"PHB","page":93,"srd":true,"className":"Ranger","classSource":"PHB","subclassShortName":"Hunter","subclassSource":"PHB","level":7,"header":2,"entries":["You have advantage on saving throws against being {@condition frightened}."]},{"name":"Multiattack","source":"PHB","page":93,"srd":true,"className":"Ranger","classSource":"PHB","subclassShortName":"Hunter","subclassSource":"PHB","level":11,"header":2,"entries":["At 11th level, you gain one of the following features of your choice.",{"type":"options","count":1,"entries":[{"type":"refSubclassFeature","subclassFeature":"Volley|Ranger||Hunter||11"},{"type":"refSubclassFeature","subclassFeature":"Whirlwind Attack|Ranger||Hunter||11"}]}]},{"name":"Volley","source":"PHB","page":93,"srd":true,"className":"Ranger","classSource":"PHB","subclassShortName":"Hunter","subclassSource":"PHB","level":11,"header":2,"entries":["You can use your action to make a ranged attack against any number of creatures within 10 feet of a point you can see within your weapon's range. You must have ammunition for each target, as normal, and you make a separate attack roll for each target."]},{"name":"Whirlwind Attack","source":"PHB","page":93,"srd":true,"className":"Ranger","classSource":"PHB","subclassShortName":"Hunter","subclassSource":"PHB","level":11,"header":2,"entries":["You can use your action to make a melee attack against any number of creatures within 5 feet of you, with a separate attack roll for each target."]},{"name":"Evasion","source":"PHB","page":93,"srd":true,"className":"Ranger","classSource":"PHB","subclassShortName":"Hunter","subclassSource":"PHB","level":15,"header":2,"entries":["You can nimbly dodge out of the way of certain area effects, such as a red dragon's fiery breath or a {@spell lightning bolt} spell. When you are subjected to an effect that allows you to make a Dexterity saving throw to take only half damage, you instead take no damage if you succeed on the saving throw, and only half damage if you fail."]},{"name":"Stand Against the Tide","source":"PHB","page":93,"srd":true,"className":"Ranger","classSource":"PHB","subclassShortName":"Hunter","subclassSource":"PHB","level":15,"header":2,"entries":["When a hostile creature misses you with a melee attack, you can use your reaction to force that creature to repeat the same attack against another creature (other than itself) of your choice."]},{"name":"Superior Hunter's Defense","source":"PHB","page":93,"srd":true,"className":"Ranger","classSource":"PHB","subclassShortName":"Hunter","subclassSource":"PHB","level":15,"header":2,"entries":["At 15th level, you gain one of the following features of your choice.",{"type":"options","count":1,"entries":[{"type":"refSubclassFeature","subclassFeature":"Evasion|Ranger||Hunter||15"},{"type":"refSubclassFeature","subclassFeature":"Stand Against the Tide|Ranger||Hunter||15"},{"type":"refSubclassFeature","subclassFeature":"Uncanny Dodge|Ranger||Hunter||15"}]}]},{"name":"Uncanny Dodge","source":"PHB","page":93,"srd":true,"className":"Ranger","classSource":"PHB","subclassShortName":"Hunter","subclassSource":"PHB","level":15,"header":2,"entries":["When an attacker that you can see hits you with an attack, you can use your reaction to halve the attack's damage against you."]},{"name":"Hunter","source":"PHB","page":93,"srd":true,"className":"Ranger (Spell-less)","classSource":"UAModifyingClasses","subclassShortName":"Hunter","subclassSource":"PHB","level":3,"entries":["Emulating the Hunter archetype means accepting your place as a bulwark between civilization and the terrors of the wilderness. As you walk the Hunter's path, you learn specialized techniques for fighting the threats you face, from rampaging ogres and hordes of orcs to towering giants and terrifying dragons.",{"type":"refSubclassFeature","subclassFeature":"Hunter's Prey|Ranger (Spell-less)|UAModifyingClasses|Hunter||3"}]},{"name":"Horde Breaker","source":"PHB","page":93,"srd":true,"className":"Ranger (Spell-less)","classSource":"UAModifyingClasses","subclassShortName":"Hunter","subclassSource":"PHB","level":3,"header":1,"entries":["Once on each of your turns when you make a weapon attack, you can make another attack with the same weapon against a different creature that is within 5 feet of the original target and within range of your weapon."]},{"name":"Hunter's Prey","source":"PHB","page":93,"srd":true,"className":"Ranger (Spell-less)","classSource":"UAModifyingClasses","subclassShortName":"Hunter","subclassSource":"PHB","level":3,"header":1,"entries":["At 3rd level, you gain one of the following features of your choice.",{"type":"options","count":1,"entries":[{"type":"refSubclassFeature","subclassFeature":"Colossus Slayer|Ranger (Spell-less)|UAModifyingClasses|Hunter|PHB|3"},{"type":"refSubclassFeature","subclassFeature":"Giant Killer|Ranger (Spell-less)|UAModifyingClasses|Hunter|PHB|3"},{"type":"refSubclassFeature","subclassFeature":"Horde Breaker|Ranger (Spell-less)|UAModifyingClasses|Hunter|PHB|3"}]}]},{"name":"Colossus Slayer","source":"PHB","page":93,"srd":true,"className":"Ranger (Spell-less)","classSource":"UAModifyingClasses","subclassShortName":"Hunter","subclassSource":"PHB","level":3,"header":2,"entries":["Your tenacity can wear down the most potent foes. When you hit a creature with a weapon attack, the creature takes an extra {@damage 1d8} damage if it's below its hit point maximum. You can deal this extra damage only once per turn."]},{"name":"Giant Killer","source":"PHB","page":93,"srd":true,"className":"Ranger (Spell-less)","classSource":"UAModifyingClasses","subclassShortName":"Hunter","subclassSource":"PHB","level":3,"header":2,"entries":["When a Large or larger creature within 5 feet of you hits or misses you with an attack, you can use your reaction to attack that creature immediately after its attack, provided that you can see the creature."]},{"name":"Defensive Tactics","source":"PHB","page":93,"srd":true,"className":"Ranger (Spell-less)","classSource":"UAModifyingClasses","subclassShortName":"Hunter","subclassSource":"PHB","level":7,"header":2,"entries":["At 7th level, you gain one of the following features of your choice.",{"type":"options","count":1,"entries":[{"type":"refSubclassFeature","subclassFeature":"Escape the Horde|Ranger (Spell-less)|UAModifyingClasses|Hunter|PHB|7"},{"type":"refSubclassFeature","subclassFeature":"Multiattack Defense|Ranger (Spell-less)|UAModifyingClasses|Hunter|PHB|7"},{"type":"refSubclassFeature","subclassFeature":"Steel Will|Ranger (Spell-less)|UAModifyingClasses|Hunter|PHB|7"}]}]},{"name":"Escape the Horde","source":"PHB","page":93,"srd":true,"className":"Ranger (Spell-less)","classSource":"UAModifyingClasses","subclassShortName":"Hunter","subclassSource":"PHB","level":7,"header":2,"entries":["Opportunity attacks against you are made with disadvantage."]},{"name":"Multiattack Defense","source":"PHB","page":93,"srd":true,"className":"Ranger (Spell-less)","classSource":"UAModifyingClasses","subclassShortName":"Hunter","subclassSource":"PHB","level":7,"header":2,"entries":["When a creature hits you with an attack, you gain a +4 bonus to AC against all subsequent attacks made by that creature for the rest of the turn."]},{"name":"Steel Will","source":"PHB","page":93,"srd":true,"className":"Ranger (Spell-less)","classSource":"UAModifyingClasses","subclassShortName":"Hunter","subclassSource":"PHB","level":7,"header":2,"entries":["You have advantage on saving throws against being {@condition frightened}."]},{"name":"Multiattack","source":"PHB","page":93,"srd":true,"className":"Ranger (Spell-less)","classSource":"UAModifyingClasses","subclassShortName":"Hunter","subclassSource":"PHB","level":11,"header":2,"entries":["At 11th level, you gain one of the following features of your choice.",{"type":"options","count":1,"entries":[{"type":"refSubclassFeature","subclassFeature":"Volley|Ranger (Spell-less)|UAModifyingClasses|Hunter|PHB|11"},{"type":"refSubclassFeature","subclassFeature":"Whirlwind Attack|Ranger (Spell-less)|UAModifyingClasses|Hunter|PHB|11"}]}]},{"name":"Volley","source":"PHB","page":93,"srd":true,"className":"Ranger (Spell-less)","classSource":"UAModifyingClasses","subclassShortName":"Hunter","subclassSource":"PHB","level":11,"header":2,"entries":["You can use your action to make a ranged attack against any number of creatures within 10 feet of a point you can see within your weapon's range. You must have ammunition for each target, as normal, and you make a separate attack roll for each target."]},{"name":"Whirlwind Attack","source":"PHB","page":93,"srd":true,"className":"Ranger (Spell-less)","classSource":"UAModifyingClasses","subclassShortName":"Hunter","subclassSource":"PHB","level":11,"header":2,"entries":["You can use your action to make a melee attack against any number of creatures within 5 feet of you, with a separate attack roll for each target."]},{"name":"Evasion","source":"PHB","page":93,"srd":true,"className":"Ranger (Spell-less)","classSource":"UAModifyingClasses","subclassShortName":"Hunter","subclassSource":"PHB","level":15,"header":2,"entries":["You can nimbly dodge out of the way of certain area effects, such as a red dragon's fiery breath or a {@spell lightning bolt} spell. When you are subjected to an effect that allows you to make a Dexterity saving throw to take only half damage, you instead take no damage if you succeed on the saving throw, and only half damage if you fail."]},{"name":"Stand Against the Tide","source":"PHB","page":93,"srd":true,"className":"Ranger (Spell-less)","classSource":"UAModifyingClasses","subclassShortName":"Hunter","subclassSource":"PHB","level":15,"header":2,"entries":["When a hostile creature misses you with a melee attack, you can use your reaction to force that creature to repeat the same attack against another creature (other than itself) of your choice."]},{"name":"Superior Hunter's Defense","source":"PHB","page":93,"srd":true,"className":"Ranger (Spell-less)","classSource":"UAModifyingClasses","subclassShortName":"Hunter","subclassSource":"PHB","level":15,"header":2,"entries":["At 15th level, you gain one of the following features of your choice.",{"type":"options","count":1,"entries":[{"type":"refSubclassFeature","subclassFeature":"Evasion|Ranger (Spell-less)|UAModifyingClasses|Hunter|PHB|15"},{"type":"refSubclassFeature","subclassFeature":"Stand Against the Tide|Ranger (Spell-less)|UAModifyingClasses|Hunter|PHB|15"},{"type":"refSubclassFeature","subclassFeature":"Uncanny Dodge|Ranger (Spell-less)|UAModifyingClasses|Hunter|PHB|15"}]}]},{"name":"Uncanny Dodge","source":"PHB","page":93,"srd":true,"className":"Ranger (Spell-less)","classSource":"UAModifyingClasses","subclassShortName":"Hunter","subclassSource":"PHB","level":15,"header":2,"entries":["When an attacker that you can see hits you with an attack, you can use your reaction to halve the attack's damage against you."]}]}