{"_meta":{"dependencies":{"subclass":["generic"]}},"class":[{"name":"Druid","source":"PHB","page":64,"srd":true,"hd":{"number":1,"faces":8},"proficiency":["int","wis"],"spellcastingAbility":"wis","casterProgression":"full","preparedSpells":"<$level$> + <$wis_mod$>","cantripProgression":[2,2,2,3,3,3,3,3,3,4,4,4,4,4,4,4,4,4,4,4],"startingProficiencies":{"armor":["light","medium",{"proficiency":"{@item shield|phb|shields}","full":"shields (druids will not wear armor or use shields made of metal)"}],"weapons":["{@item club|phb|clubs}","{@item dagger|phb|daggers}","{@item dart|phb|darts}","{@item javelin|phb|javelins}","{@item mace|phb|maces}","{@item quarterstaff|phb|quarterstaffs}","{@item scimitar|phb|scimitars}","{@item sickle|phb|sickles}","{@item sling|phb|slings}","{@item spear|phb|spears}"],"tools":["{@item Herbalism kit|PHB}"],"skills":[{"choose":{"from":["arcana","animal handling","insight","medicine","nature","perception","religion","survival"],"count":2}}]},"startingEquipment":{"additionalFromBackground":true,"default":["(a) a wooden {@item shield|phb} or (b) any {@filter simple weapon|items|source=phb|category=basic|type=simple weapon}","(a) a {@item scimitar|phb} or (b) any {@filter simple melee weapon|items|source=phb|category=basic|type=simple weapon;melee weapon=sand}","{@item Leather armor|phb}, an {@item explorer's pack|phb}, and a {@item druidic focus|phb}"],"goldAlternative":"{@dice 2d4 × 10|2d4 × 10|Starting Gold}","defaultData":[{"a":["shield|phb"],"b":[{"equipmentType":"weaponSimple"}]},{"a":["scimitar|phb"],"b":[{"equipmentType":"weaponSimpleMelee"}]},{"_":["Leather armor|phb","explorer's pack|phb","druidic focus|phb"]}]},"multiclassing":{"requirements":{"wis":13},"proficienciesGained":{"armor":["light","medium",{"proficiency":"{@item shield|phb|shields}","full":"shields (druids will not wear armor or use shields made of metal)"}]}},"classTableGroups":[{"colLabels":["{@filter Cantrips Known|spells|level=0|class=Druid}"],"rows":[[2],[2],[2],[3],[3],[3],[3],[3],[3],[4],[4],[4],[4],[4],[4],[4],[4],[4],[4],[4]]},{"title":"Spell Slots per Spell Level","colLabels":["{@filter 1st|spells|level=1|class=Druid}","{@filter 2nd|spells|level=2|class=Druid}","{@filter 3rd|spells|level=3|class=Druid}","{@filter 4th|spells|level=4|class=Druid}","{@filter 5th|spells|level=5|class=Druid}","{@filter 6th|spells|level=6|class=Druid}","{@filter 7th|spells|level=7|class=Druid}","{@filter 8th|spells|level=8|class=Druid}","{@filter 9th|spells|level=9|class=Druid}"],"rowsSpellProgression":[[2,0,0,0,0,0,0,0,0],[3,0,0,0,0,0,0,0,0],[4,2,0,0,0,0,0,0,0],[4,3,0,0,0,0,0,0,0],[4,3,2,0,0,0,0,0,0],[4,3,3,0,0,0,0,0,0],[4,3,3,1,0,0,0,0,0],[4,3,3,2,0,0,0,0,0],[4,3,3,3,1,0,0,0,0],[4,3,3,3,2,0,0,0,0],[4,3,3,3,2,1,0,0,0],[4,3,3,3,2,1,0,0,0],[4,3,3,3,2,1,1,0,0],[4,3,3,3,2,1,1,0,0],[4,3,3,3,2,1,1,1,0],[4,3,3,3,2,1,1,1,0],[4,3,3,3,2,1,1,1,1],[4,3,3,3,3,1,1,1,1],[4,3,3,3,3,2,1,1,1],[4,3,3,3,3,2,2,1,1]]}],"classFeatures":["Druidic|Druid||1","Spellcasting|Druid||1","Cantrip Versatility|Druid||1|UAClassFeatureVariants","Wild Shape|Druid||2","Wild Companion|Druid||2|UAClassFeatureVariants","Wild Companion|Druid||2|TCE",{"classFeature":"Druid Circle|Druid||2","gainSubclassFeature":true},"Wild Shape Improvement|Druid||4","Ability Score Improvement|Druid||4","Proficiency Versatility|Druid||4|UAClassFeatureVariants","Cantrip Versatility|Druid||4|TCE",{"classFeature":"Druid Circle feature|Druid||6","gainSubclassFeature":true},"Wild Shape Improvement|Druid||8","Ability Score Improvement|Druid||8","Proficiency Versatility|Druid||8|UAClassFeatureVariants",{"classFeature":"Druid Circle feature|Druid||10","gainSubclassFeature":true},"Ability Score Improvement|Druid||12","Proficiency Versatility|Druid||12|UAClassFeatureVariants",{"classFeature":"Druid Circle feature|Druid||14","gainSubclassFeature":true},"Ability Score Improvement|Druid||16","Proficiency Versatility|Druid||16|UAClassFeatureVariants","Timeless Body|Druid||18","Beast Spells|Druid||18","Ability Score Improvement|Druid||19","Proficiency Versatility|Druid||19|UAClassFeatureVariants","Archdruid|Druid||20"],"subclassTitle":"Druid Circle","fluff":[]}],"subclass":[{"name":"Circle of the Land","shortName":"Land","source":"PHB","className":"Druid","classSource":"PHB","page":68,"srd":true,"additionalSpells":[{"name":"Arctic","known":{"1":{"_":[{"choose":"level=0|class=Druid"}]}},"prepared":{"3":["hold person","spike growth"],"5":["sleet storm","slow"],"7":["freedom of movement","ice storm"],"9":["commune with nature","cone of cold"]}},{"name":"Coast","known":{"1":{"_":[{"choose":"level=0|class=Druid"}]}},"prepared":{"3":["mirror image","misty step"],"5":["water breathing","water walk"],"7":["control water","freedom of movement"],"9":["conjure elemental","scrying"]}},{"name":"Desert","known":{"1":{"_":[{"choose":"level=0|class=Druid"}]}},"prepared":{"3":["blur","silence"],"5":["create food and water","protection from energy"],"7":["blight","hallucinatory terrain"],"9":["insect plague","wall of stone"]}},{"name":"Forest","known":{"1":{"_":[{"choose":"level=0|class=Druid"}]}},"prepared":{"3":["barkskin","spider climb"],"5":["call lightning","plant growth"],"7":["divination","freedom of movement"],"9":["commune with nature","tree stride"]}},{"name":"Grassland","known":{"1":{"_":[{"choose":"level=0|class=Druid"}]}},"prepared":{"3":["invisibility","pass without trace"],"5":["daylight","haste"],"7":["divination","freedom of movement"],"9":["dream","insect plague"]}},{"name":"Mountain","known":{"1":{"_":[{"choose":"level=0|class=Druid"}]}},"prepared":{"3":["spider climb","spike growth"],"5":["lightning bolt","meld into stone"],"7":["stone shape","stoneskin"],"9":["passwall","wall of stone"]}},{"name":"Swamp","known":{"1":{"_":[{"choose":"level=0|class=Druid"}]}},"prepared":{"3":["darkness","Melf's acid arrow"],"5":["water walk","stinking cloud"],"7":["freedom of movement","locate creature"],"9":["insect plague","scrying"]}},{"name":"Underdark","known":{"1":{"_":[{"choose":"level=0|class=Druid"}]}},"prepared":{"3":["spider climb","web"],"5":["gaseous form","stinking cloud"],"7":["greater invisibility","stone shape"],"9":["cloudkill","insect plague"]}}],"subclassFeatures":["Circle of the Land|Druid||Land||2","Land's Stride|Druid||Land||6","Nature's Ward|Druid||Land||10","Nature's Sanctuary|Druid||Land||14"]}],"classFeature":[{"name":"Druidic","source":"PHB","page":64,"srd":true,"className":"Druid","classSource":"PHB","level":1,"entries":["You know {@language Druidic}, the secret language of druids. You can speak the language and use it to leave hidden messages. You and others who know this language automatically spot such a message. Others spot the message's presence with a successful DC 15 Wisdom ({@skill Perception}) check but can't decipher it without magic."]},{"name":"Spellcasting","source":"PHB","page":64,"srd":true,"className":"Druid","classSource":"PHB","level":1,"entries":["Drawing on the divine essence of nature itself, you can cast spells to shape that essence to your will. See {@book chapter 10|PHB|10} for the general rules of spellcasting and {@book chapter 11|PHB|11} for the {@filter druid spell list|spells|class=druid}.",{"type":"entries","name":"Cantrips","entries":["At 1st level, you know two cantrips of your choice from the {@filter druid spell list|spells|level=0|class=druid}. You learn additional druid cantrips of your choice at higher levels, as shown in the Cantrips Known column of the Druid table."]},{"type":"entries","name":"Preparing and Casting Spells","entries":["The Druid table shows how many spell slots you have to cast your {@filter druid spells|spells|class=druid} of 1st level and higher. To cast one of these druid spells, you must expend a slot of the spell's level or higher. You regain all expended spell slots when you finish a long rest.","You prepare the list of druid spells that are available for you to cast, choosing from the druid spell list. When you do so, choose a number of druid spells equal to your Wisdom modifier + your druid level (minimum of one spell). The spells must be of a level for which you have spell slots.","For example, if you are a 3rd-level druid, you have four 1st-level and two 2nd-level spell slots. With a Wisdom of 16, your list of prepared spells can include six spells of 1st or 2nd level, in any combination. If you prepare the 1st-level spell {@spell cure wounds}, you can cast it using a 1st-level or 2nd-level slot. Casting the spell doesn't remove it from your list of prepared spells.","You can also change your list of prepared spells when you finish a long rest. Preparing a new list of druid spells requires time spent in prayer and meditation: at least 1 minute per spell level for each spell on your list."]},{"type":"entries","name":"Spellcasting Ability","entries":["Wisdom is your spellcasting ability for your druid spells, since your magic draws upon your devotion and attunement to nature. You use your Wisdom whenever a spell refers to your spellcasting ability. In addition, you use your Wisdom modifier when setting the saving throw DC for a druid spell you cast and when making an attack roll with one.",{"type":"abilityDc","name":"Spell","attributes":["wis"]},{"type":"abilityAttackMod","name":"Spell","attributes":["wis"]}]},{"type":"entries","name":"Ritual Casting","entries":["You can cast a druid spell as a ritual if that spell has the ritual tag and you have the spell prepared."]},{"type":"entries","name":"Spellcasting Focus","entries":["You can use a {@item druidic focus|phb} as a spellcasting focus for your druid spells"]}]},{"name":"Druid Circle","source":"PHB","page":64,"srd":true,"className":"Druid","classSource":"PHB","level":2,"entries":["At 2nd level, you choose to identify with a circle of druids from the list of available circles. Your choice grants you features at 2nd level and again at 6th, 10th, and 14th level."]},{"name":"Wild Shape","source":"PHB","page":64,"srd":true,"className":"Druid","classSource":"PHB","level":2,"entries":["Starting at 2nd level, you can use your action to magically assume the shape of a beast that you have seen before. You can use this feature twice. You regain expended uses when you finish a short or long rest.","Your druid level determines the beasts you can transform into, as shown in the Beast Shapes table. At 2nd level, for example, you can transform into any beast that has a challenge rating of 1/4 or lower that doesn't have a flying or swimming speed.",{"type":"table","caption":"Beast Shapes","colLabels":["Level","Max. CR","Limitations","Example"],"colStyles":["col-2 text-center","col-2 text-center","col-5","col-3"],"rows":[["2nd","{@filter 1/4|bestiary|challenge rating=[&0;&1/4]|type=beast|speed type=!fly;!swim|miscellaneous=!swarm}","No flying or swimming speed","Wolf"],["4th","{@filter 1/2|bestiary|challenge rating=[&0;&1/2]|type=beast|speed type=!fly|miscellaneous=!swarm}","No flying speed","Crocodile"],["8th","{@filter 1|bestiary|challenge rating=[&0;&1]|type=beast|miscellaneous=!swarm}","—","Giant eagle"]]},"You can stay in a beast shape for a number of hours equal to half your druid level (rounded down). You then revert to your normal form unless you expend another use of this feature. You can revert to your normal form earlier by using a bonus action on your turn. You automatically revert if you fall {@condition unconscious}, drop to 0 hit points, or die.","While you are transformed, the following rules apply:",{"type":"list","items":["Your game statistics are replaced by the statistics of the beast, but you retain your alignment, personality, and Intelligence, Wisdom, and Charisma scores. You also retain all of your skill and saving throw proficiencies, in addition to gaining those of the creature. If the creature has the same proficiency as you and the bonus in its stat block is higher than yours, use the creature's bonus instead of yours. If the creature has any legendary or lair actions, you can't use them.","When you transform, you assume the beast's hit points and Hit Dice. When you revert to your normal form, you return to the number of hit points you had before you transformed. However, if you revert as a result of dropping to 0 hit points, any excess damage carries over to your normal form. For example, if you take 10 damage in animal form and have only 1 hit point left, you revert and take 9 damage. As long as the excess damage doesn't reduce your normal form to 0 hit points, you aren't knocked {@condition unconscious}.","You can't cast spells, and your ability to speak or take any action that requires hands is limited to the capabilities of your beast form. Transforming doesn't break your concentration on a spell you've already cast, however, or prevent you from taking actions that are part of a spell, such as {@spell call lightning}, that you've already cast.","You retain the benefit of any features from your class, race, or other source and can use them if the new form is physically capable of doing so. However, you can't use any of your special senses, such as {@sense darkvision}, unless your new form also has that sense.","You choose whether your equipment falls to the ground in your space, merges into your new form, or is worn by it. Worn equipment functions as normal, but the DM decides whether it is practical for the new form to wear a piece of equipment, based on the creature's shape and size. Your equipment doesn't change size or shape to match the new form, and any equipment that the new form can't wear must either fall to the ground or merge with it. Equipment that merges with the form has no effect until you leave the form."]}]},{"name":"Ability Score Improvement","source":"PHB","page":64,"srd":true,"className":"Druid","classSource":"PHB","level":4,"entries":["When you reach 4th level, you can increase one ability score of your choice by 2, or you can increase two ability scores of your choice by 1. As normal, you can't increase an ability score above 20 using this feature.","If your DM allows the use of feats, you may instead take a {@5etools feat|feats.html}."]},{"name":"Wild Shape Improvement","source":"PHB","page":64,"srd":true,"className":"Druid","classSource":"PHB","level":4,"entries":["At 4th level, your Wild Shape improves as shown on the Beast Shapes table."]},{"name":"Druid Circle feature","source":"PHB","page":64,"srd":true,"className":"Druid","classSource":"PHB","level":6,"entries":["At 6th level, you gain a feature granted by your Druid Circle."]},{"name":"Ability Score Improvement","source":"PHB","page":64,"srd":true,"className":"Druid","classSource":"PHB","level":8,"entries":["When you reach 8th level, you can increase one ability score of your choice by 2, or you can increase two ability scores of your choice by 1. As normal, you can't increase an ability score above 20 using this feature.","If your DM allows the use of feats, you may instead take a {@5etools feat|feats.html}."]},{"name":"Wild Shape Improvement","source":"PHB","page":64,"srd":true,"className":"Druid","classSource":"PHB","level":8,"entries":["At 8th level, your Wild Shape improves as shown on the Beast Shapes table."]},{"name":"Druid Circle feature","source":"PHB","page":64,"srd":true,"className":"Druid","classSource":"PHB","level":10,"entries":["At 10th level, you gain a feature granted by your Druid Circle feature."]},{"name":"Ability Score Improvement","source":"PHB","page":64,"srd":true,"className":"Druid","classSource":"PHB","level":12,"entries":["When you reach 12th level, you can increase one ability score of your choice by 2, or you can increase two ability scores of your choice by 1. As normal, you can't increase an ability score above 20 using this feature.","If your DM allows the use of feats, you may instead take a {@5etools feat|feats.html}."]},{"name":"Druid Circle feature","source":"PHB","page":64,"srd":true,"className":"Druid","classSource":"PHB","level":14,"entries":["At 14th level, you gain a feature granted by your Druid Circle feature."]},{"name":"Ability Score Improvement","source":"PHB","page":64,"srd":true,"className":"Druid","classSource":"PHB","level":16,"entries":["When you reach 16th level, you can increase one ability score of your choice by 2, or you can increase two ability scores of your choice by 1. As normal, you can't increase an ability score above 20 using this feature.","If your DM allows the use of feats, you may instead take a {@5etools feat|feats.html}."]},{"name":"Beast Spells","source":"PHB","page":64,"srd":true,"className":"Druid","classSource":"PHB","level":18,"entries":["Beginning at 18th level, you can cast many of your druid spells in any shape you assume using Wild Shape. You can perform the somatic and verbal components of a druid spell while in a beast shape, but you aren't able to provide material components."]},{"name":"Timeless Body","source":"PHB","page":64,"srd":true,"className":"Druid","classSource":"PHB","level":18,"entries":["Starting at 18th level, the primal magic that you wield causes you to age more slowly. For every 10 years that pass, your body ages only 1 year."]},{"name":"Ability Score Improvement","source":"PHB","page":64,"srd":true,"className":"Druid","classSource":"PHB","level":19,"entries":["When you reach 19th level, you can increase one ability score of your choice by 2, or you can increase two ability scores of your choice by 1. As normal, you can't increase an ability score above 20 using this feature.","If your DM allows the use of feats, you may instead take a {@5etools feat|feats.html}."]},{"name":"Archdruid","source":"PHB","page":64,"srd":true,"className":"Druid","classSource":"PHB","level":20,"entries":["At 20th level, you can use your Wild Shape an unlimited number of times.","Additionally, you can ignore the verbal and somatic components of your druid spells, as well as any material components that lack a cost and aren't consumed by a spell. You gain this benefit in both your normal shape and your beast shape from Wild Shape."]}],"subclassFeature":[{"name":"Circle of the Land","source":"PHB","page":68,"srd":true,"className":"Druid","classSource":"PHB","subclassShortName":"Land","subclassSource":"PHB","level":2,"entries":["The Circle of the Land is made up of mystics and sages who safeguard ancient knowledge and rites through a vast oral tradition. These druids meet within sacred circles of trees or standing stones to whisper primal secrets in {@language Druidic}. The circle's wisest members preside as the chief priests of communities that hold to the Old Faith and serve as advisors to the rulers of those folk. As a member of this circle, your magic is influenced by the land where you were initiated into the circle's mysterious rites.",{"type":"refSubclassFeature","subclassFeature":"Bonus Cantrip|Druid||Land||2"},{"type":"refSubclassFeature","subclassFeature":"Natural Recovery|Druid||Land||2"},{"type":"refSubclassFeature","subclassFeature":"Circle Spells|Druid||Land||2"}]},{"name":"Bonus Cantrip","source":"PHB","page":68,"srd":true,"className":"Druid","classSource":"PHB","subclassShortName":"Land","subclassSource":"PHB","level":2,"header":1,"entries":["You learn one additional druid cantrip of your choice."]},{"name":"Circle Spells","source":"PHB","page":68,"srd":true,"className":"Druid","classSource":"PHB","subclassShortName":"Land","subclassSource":"PHB","level":2,"header":1,"entries":["Your mystical connection to the land infuses you with the ability to cast certain spells. At 3rd, 5th, 7th, and 9th level you gain access to circle spells connected to the land where you became a druid. Choose that land—arctic, coast, desert, forest, grassland, mountain, swamp, or Underdark—and consult the associated list of spells.","Once you gain access to a circle spell, you always have it prepared, and it doesn't count against the number of spells you can prepare each day. If you gain access to a spell that doesn't appear on the druid spell list, the spell is nonetheless a druid spell for you.",{"type":"table","caption":"Arctic","colLabels":["Druid Level","Circle Spells"],"colStyles":["col-2 text-center","col-10"],"rows":[["3rd","{@spell hold person}, {@spell spike growth}"],["5th","{@spell sleet storm}, {@spell slow}"],["7th","{@spell freedom of movement}, {@spell ice storm}"],["9th","{@spell commune with nature}, {@spell cone of cold}"]]},{"type":"table","caption":"Coast","colLabels":["Druid Level","Circle Spells"],"colStyles":["col-2 text-center","col-10"],"rows":[["3rd","{@spell mirror image}, {@spell misty step}"],["5th","{@spell water breathing}, {@spell water walk}"],["7th","{@spell control water}, {@spell freedom of movement}"],["9th","{@spell conjure elemental}, {@spell scrying}"]]},{"type":"table","caption":"Desert","colLabels":["Druid Level","Circle Spells"],"colStyles":["col-2 text-center","col-10"],"rows":[["3rd","{@spell blur}, {@spell silence}"],["5th","{@spell create food and water}, {@spell protection from energy}"],["7th","{@spell blight}, {@spell hallucinatory terrain}"],["9th","{@spell insect plague}, {@spell wall of stone}"]]},{"type":"table","caption":"Forest","colLabels":["Druid Level","Circle Spells"],"colStyles":["col-2 text-center","col-10"],"rows":[["3rd","{@spell barkskin}, {@spell spider climb}"],["5th","{@spell call lightning}, {@spell plant growth}"],["7th","{@spell divination}, {@spell freedom of movement}"],["9th","{@spell commune with nature}, {@spell tree stride}"]]},{"type":"table","caption":"Grassland","colLabels":["Druid Level","Circle Spells"],"colStyles":["col-2 text-center","col-10"],"rows":[["3rd","{@spell invisibility}, {@spell pass without trace}"],["5th","{@spell daylight}, {@spell haste}"],["7th","{@spell divination}, {@spell freedom of movement}"],["9th","{@spell dream}, {@spell insect plague}"]]},{"type":"table","caption":"Mountain","colLabels":["Druid Level","Circle Spells"],"colStyles":["col-2 text-center","col-10"],"rows":[["3rd","{@spell spider climb}, {@spell spike growth}"],["5th","{@spell lightning bolt}, {@spell meld into stone}"],["7th","{@spell stone shape}, {@spell stoneskin}"],["9th","{@spell passwall}, {@spell wall of stone}"]]},{"type":"table","caption":"Swamp","colLabels":["Druid Level","Circle Spells"],"colStyles":["col-2 text-center","col-10"],"rows":[["3rd","{@spell darkness}, {@spell Melf's acid arrow}"],["5th","{@spell water walk}, {@spell stinking cloud}"],["7th","{@spell freedom of movement}, {@spell locate creature}"],["9th","{@spell insect plague}, {@spell scrying}"]]},{"type":"table","caption":"Underdark","colLabels":["Druid Level","Circle Spells"],"colStyles":["col-2 text-center","col-10"],"rows":[["3rd","{@spell spider climb}, {@spell web}"],["5th","{@spell gaseous form}, {@spell stinking cloud}"],["7th","{@spell greater invisibility}, {@spell stone shape}"],["9th","{@spell cloudkill}, {@spell insect plague}"]]}]},{"name":"Natural Recovery","source":"PHB","page":68,"srd":true,"className":"Druid","classSource":"PHB","subclassShortName":"Land","subclassSource":"PHB","level":2,"header":1,"entries":["Starting at 2nd level, you can regain some of your magical energy by sitting in meditation and communing with nature. During a short rest, you choose expended spell slots to recover. The spell slots can have a combined level that is equal to or less than half your druid level (rounded up), and none of the slots can be 6th level or higher. You can't use this feature again until you finish a long rest.","For example, when you are a 4th-level druid, you can recover up to two levels worth of spell slots. You can recover either a 2nd-level slot or two 1st-level slots."]},{"name":"Land's Stride","source":"PHB","page":68,"srd":true,"className":"Druid","classSource":"PHB","subclassShortName":"Land","subclassSource":"PHB","level":6,"header":2,"entries":["Starting at 6th level, moving through nonmagical difficult terrain costs you no extra movement. You can also pass through nonmagical plants without being slowed by them and without taking damage from them if they have thorns, spines, or a similar hazard.","In addition, you have advantage on saving throws against plants that are magically created or manipulated to impede movement, such those created by the {@spell entangle} spell."]},{"name":"Nature's Ward","source":"PHB","page":68,"srd":true,"className":"Druid","classSource":"PHB","subclassShortName":"Land","subclassSource":"PHB","level":10,"header":2,"entries":["When you reach 10th level, you can't be {@condition charmed} or {@condition frightened} by elementals or fey, and you are immune to poison and disease."]},{"name":"Nature's Sanctuary","source":"PHB","page":68,"srd":true,"className":"Druid","classSource":"PHB","subclassShortName":"Land","subclassSource":"PHB","level":14,"header":2,"entries":["When you reach 14th level, creatures of the natural world sense your connection to nature and become hesitant to attack you. When a beast or plant creature attacks you, that creature must make a Wisdom saving throw against your druid spell save DC. On a failed save, the creature must choose a different target, or the attack automatically misses. On a successful save, the creature is immune to this effect for 24 hours.","The creature is aware of this effect before it makes its attack against you."]}]}