{"class":[{"name":"Paladin","source":"PHB","page":82,"srd":true,"hd":{"number":1,"faces":10},"proficiency":["wis","cha"],"spellcastingAbility":"cha","casterProgression":"1/2","preparedSpells":"<$level$> / 2 + <$cha_mod$>","startingProficiencies":{"armor":["light","medium","heavy","{@item shield|phb|shields}"],"weapons":["simple","martial"],"skills":[{"choose":{"from":["athletics","insight","intimidation","medicine","persuasion","religion"],"count":2}}]},"startingEquipment":{"additionalFromBackground":true,"default":["(a) a {@filter martial weapon|items|source=phb|category=basic|type=martial weapon} and a {@item shield|phb} or (b) two {@filter martial weapons|items|source=phb|category=basic|type=martial weapon}","(a) five {@item javelin|phb|javelins} or (b) any {@filter simple melee weapon|items|source=phb|category=basic|type=simple weapon;melee weapon=sand}","(a) a {@item priest's pack|phb} or (b) an {@item explorer's pack|phb}","{@item Chain mail|phb} and a {@item holy symbol|phb}"],"goldAlternative":"{@dice 5d4 × 10|5d4 × 10|Starting Gold}","defaultData":[{"a":[{"equipmentType":"weaponMartial"},"shield|phb"],"b":[{"equipmentType":"weaponMartial","quantity":2}]},{"a":[{"item":"javelin|phb","quantity":5}],"b":[{"equipmentType":"weaponSimpleMelee"}]},{"a":["priest's pack|phb"],"b":["explorer's pack|phb"]},{"_":["Chain mail|phb","holy symbol|phb"]}]},"multiclassing":{"requirements":{"str":13,"cha":13},"proficienciesGained":{"armor":["light","medium","{@item shield|phb|shields}"],"weapons":["simple","martial"]}},"classTableGroups":[{"title":"Spell Slots per Spell Level","colLabels":["{@filter 1st|spells|level=1|class=Paladin}","{@filter 2nd|spells|level=2|class=Paladin}","{@filter 3rd|spells|level=3|class=Paladin}","{@filter 4th|spells|level=4|class=Paladin}","{@filter 5th|spells|level=5|class=Paladin}"],"rowsSpellProgression":[[0,0,0,0,0],[2,0,0,0,0],[3,0,0,0,0],[3,0,0,0,0],[4,2,0,0,0],[4,2,0,0,0],[4,3,0,0,0],[4,3,0,0,0],[4,3,2,0,0],[4,3,2,0,0],[4,3,3,0,0],[4,3,3,0,0],[4,3,3,1,0],[4,3,3,1,0],[4,3,3,2,0],[4,3,3,2,0],[4,3,3,3,1],[4,3,3,3,1],[4,3,3,3,2],[4,3,3,3,2]]}],"classFeatures":["Divine Sense|Paladin||1","Lay on Hands|Paladin||1","Divine Smite|Paladin||2","Fighting Style|Paladin||2","Martial Versatility|Paladin||2|UAClassFeatureVariants","Spellcasting|Paladin||2","Divine Health|Paladin||3",{"classFeature":"Sacred Oath|Paladin||3","gainSubclassFeature":true},"Ability Score Improvement|Paladin||4","Proficiency Versatility|Paladin||4|UAClassFeatureVariants","Martial Versatility|Paladin||4|TCE","Extra Attack|Paladin||5","Aura of Protection|Paladin||6",{"classFeature":"Sacred Oath feature|Paladin||7","gainSubclassFeature":true},"Ability Score Improvement|Paladin||8","Proficiency Versatility|Paladin||8|UAClassFeatureVariants","Aura of Courage|Paladin||10","Improved Divine Smite|Paladin||11","Ability Score Improvement|Paladin||12","Proficiency Versatility|Paladin||12|UAClassFeatureVariants","Cleansing Touch|Paladin||14",{"classFeature":"Sacred Oath feature|Paladin||15","gainSubclassFeature":true},"Ability Score Improvement|Paladin||16","Proficiency Versatility|Paladin||16|UAClassFeatureVariants","Aura improvements|Paladin||18","Ability Score Improvement|Paladin||19","Proficiency Versatility|Paladin||19|UAClassFeatureVariants",{"classFeature":"Sacred Oath feature|Paladin||20","gainSubclassFeature":true}],"subclassTitle":"Sacred Oath","fluff":[]}],"subclass":[{"name":"Oath of Devotion","shortName":"Devotion","source":"PHB","className":"Paladin","classSource":"PHB","page":85,"srd":true,"additionalSpells":[{"prepared":{"3":["protection from evil and good","sanctuary"],"5":["lesser restoration","zone of truth"],"9":["beacon of hope","dispel magic"],"13":["freedom of movement","guardian of faith"],"17":["commune","flame strike"]}}],"subclassFeatures":["Oath of Devotion|Paladin||Devotion||3","Aura of Devotion|Paladin||Devotion||7","Purity of Spirit|Paladin||Devotion||15","Holy Nimbus|Paladin||Devotion||20"]}],"classFeature":[{"name":"Divine Sense","source":"PHB","page":82,"srd":true,"className":"Paladin","classSource":"PHB","level":1,"entries":["The presence of strong evil registers on your senses like a noxious odor, and powerful good rings like heavenly music in your ears. As an action, you can open your awareness to detect such forces. Until the end of your next turn, you know the location of any celestial, fiend, or undead within 60 feet of you that is not behind total cover. You know the type (celestial, fiend, or undead) of any being whose presence you sense, but not its identity (the vampire Count Strahd von Zarovich, for instance). Within the same radius, you also detect the presence of any place or object that has been consecrated or desecrated, as with the {@spell hallow} spell.","You can use this feature a number of times equal to 1 + your Charisma modifier. When you finish a long rest, you regain all expended uses."]},{"name":"Lay on Hands","source":"PHB","page":82,"srd":true,"className":"Paladin","classSource":"PHB","level":1,"entries":["Your blessed touch can heal wounds. You have a pool of healing power that replenishes when you take a long rest. With that pool, you can restore a total number of hit points equal to your paladin level × 5.","As an action, you can touch a creature and draw power from the pool to restore a number of hit points to that creature, up to the maximum amount remaining in your pool.","Alternatively, you can expend 5 hit points from your pool of healing to cure the target of one disease or neutralize one poison affecting it. You can cure multiple diseases and neutralize multiple poisons with a single use of Lay on Hands, expending hit points separately for each one.","This feature has no effect on undead and constructs."]},{"name":"Divine Smite","source":"PHB","page":82,"srd":true,"className":"Paladin","classSource":"PHB","level":2,"entries":["Starting at 2nd level, when you hit a creature with a melee weapon attack, you can expend one spell slot to deal radiant damage to the target, in addition to the weapon's damage. The extra damage is {@dice 2d8} for a 1st-level spell slot, plus {@dice 1d8} for each spell level higher than 1st, to a maximum of {@dice 5d8}. The damage increases by {@dice 1d8} if the target is an undead or a fiend, to a maximum of {@dice 6d8}."]},{"name":"Fighting Style","source":"PHB","page":82,"srd":true,"className":"Paladin","classSource":"PHB","level":2,"entries":["At 2nd level, you adopt a particular style of fighting as your specialty. Choose one of the following options. You can't take the same Fighting Style option more than once, even if you get to choose again.",{"type":"options","count":1,"entries":[{"type":"refOptionalfeature","optionalfeature":"Close Quarters Shooter|UALightDarkUnderdark"},{"type":"refOptionalfeature","optionalfeature":"Defense"},{"type":"refOptionalfeature","optionalfeature":"Dueling"},{"type":"refOptionalfeature","optionalfeature":"Great Weapon Fighting"},{"type":"refOptionalfeature","optionalfeature":"Mariner|UAWaterborneAdventures"},{"type":"refOptionalfeature","optionalfeature":"Protection"},{"type":"refOptionalfeature","optionalfeature":"Tunnel Fighter|UALightDarkUnderdark"},{"type":"refOptionalfeature","optionalfeature":"Blind Fighting|UAClassFeatureVariants"},{"type":"refOptionalfeature","optionalfeature":"Interception|UAClassFeatureVariants"},{"type":"refOptionalfeature","optionalfeature":"Thrown Weapon Fighting|UAClassFeatureVariants"},{"type":"refOptionalfeature","optionalfeature":"Unarmed Fighting|UAClassFeatureVariants"},{"type":"refOptionalfeature","optionalfeature":"Blessed Warrior|UAClassFeatureVariants"},{"type":"refOptionalfeature","optionalfeature":"Blessed Warrior|TCE"},{"type":"refOptionalfeature","optionalfeature":"Blind Fighting|TCE"},{"type":"refOptionalfeature","optionalfeature":"Interception|TCE"}]}]},{"name":"Spellcasting","source":"PHB","page":82,"srd":true,"className":"Paladin","classSource":"PHB","level":2,"entries":["By 2nd level, you have learned to draw on divine magic through meditation and prayer to cast spells as a cleric does. See {@book chapter 10|PHB|10} for the general rules of spellcasting and {@book chapter 11|PHB|11} for the {@filter paladin spell list|spells|class=paladin}.",{"type":"entries","name":"Preparing and Casting Spells","entries":["The Paladin table shows how many spell slots you have to cast your {@filter paladin spells|spells|class=paladin}. To cast one of your paladin spells of 1st level or higher, you must expend a slot of the spell's level or higher. You regain all expended spell slots when you finish a long rest.","You prepare the list of paladin spells that are available for you to cast, choosing from the paladin spell list. When you do so, choose a number of paladin spells equal to your Charisma modifier + half your paladin level, rounded down (minimum of one spell). The spells must be of a level for which you have spell slots.","For example, if you are a 5th-level paladin, you have four 1st-level and two 2nd-level spell slots. With a Charisma of 14, your list of prepared spells can include four spells of 1st or 2nd-level, in any combination. If you prepare the 1st-level spell {@spell cure wounds}, you can cast it using a 1st-level or a 2nd-level slot. Casting the spell doesn't remove it from your list of prepared spells.","You can change your list of prepared spells when you finish a long rest. Preparing a new list of paladin spells requires time spent in prayer and meditation: at least 1 minute per spell level for each spell on your list."]},{"type":"entries","name":"Spellcasting Ability","entries":["Charisma is your spellcasting ability for your paladin spells, since their power derives from the strength of your convictions. You use your Charisma whenever a spell refers to your spellcasting ability. In addition, you use your Charisma modifier when setting the saving throw DC for a paladin spell you cast and when making an attack roll with one.",{"type":"abilityDc","name":"Spell","attributes":["cha"]},{"type":"abilityAttackMod","name":"Spell","attributes":["cha"]}]},{"type":"entries","name":"Spellcasting Focus","entries":["You can use a {@item holy symbol|phb} as a spellcasting focus for your paladin spells."]}]},{"name":"Divine Health","source":"PHB","page":82,"srd":true,"className":"Paladin","classSource":"PHB","level":3,"entries":["By 3rd level, the divine magic flowing through you makes you immune to disease."]},{"name":"Sacred Oath","source":"PHB","page":82,"srd":true,"className":"Paladin","classSource":"PHB","level":3,"entries":["When you reach 3rd level, you swear the oath that binds you as a paladin forever. Up to this time you have been in a preparatory stage, committed to the path but not yet sworn to it. Now you choose from the list of available oaths.","Your choice grants you features at 3rd level and again at 7th, 15th, and 20th level. Those features include oath spells and the Channel Divinity feature.",{"name":"Oath Spells","type":"entries","entries":["Each oath has a list of associated spells. You gain access to these spells at the levels specified in the oath description. Once you gain access to an oath spell, you always have it prepared. Oath spells don't count against the number of spells you can prepare each day.","If you gain an oath spell that doesn't appear on the paladin spell list, the spell is nonetheless a paladin spell for you."]},{"name":"Channel Divinity","type":"entries","entries":["Your oath allows you to channel divine energy to fuel magical effects. Each Channel Divinity option provided by your oath explains how to use it.","When you use your Channel Divinity, you choose which option to use. You must then finish a short or long rest to use your Channel Divinity again.","Some Channel Divinity effects require saving throws. When you use such an effect from this class, the DC equals your paladin spell save DC."]},{"type":"refClassFeature","classFeature":"Channel Divinity: Harness Divine Power|Paladin||3|UAClassFeatureVariants"},{"type":"refClassFeature","classFeature":"Channel Divinity: Harness Divine Power|Paladin||3|TCE"},{"name":"Breaking Your Oath","type":"inset","entries":["A paladin tries to hold to the highest standards of conduct, but even the most virtuous paladin is fallible. Sometimes the right path proves too demanding, sometimes a situation calls for the lesser of two evils, and sometimes the heat of emotion causes a paladin to transgress his or her oath.","A paladin who has broken a vow typically seeks absolution from a cleric who shares his or her faith or from another paladin of the same order. The paladin might spend an all-night vigil in prayer as a sign of penitence, or undertake a fast or similar act of self-denial. After a rite of confession and forgiveness, the paladin starts fresh.","If a paladin willfully violates his or her oath and shows no sign of repentance, the consequences can be more serious. At the DM's discretion, an impenitent paladin might be forced to abandon this class and adopt another, or perhaps to take the Oathbreaker paladin option that appears in the Dungeon Master's Guide."]}]},{"name":"Ability Score Improvement","source":"PHB","page":82,"srd":true,"className":"Paladin","classSource":"PHB","level":4,"entries":["When you reach 4th level, you can increase one ability score of your choice by 2, or you can increase two ability scores of your choice by 1. As normal, you can't increase an ability score above 20 using this feature.","If your DM allows the use of feats, you may instead take a {@5etools feat|feats.html}."]},{"name":"Extra Attack","source":"PHB","page":82,"srd":true,"className":"Paladin","classSource":"PHB","level":5,"entries":["Beginning at 5th level, you can attack twice, instead of once, whenever you take the {@action Attack} action on your turn."]},{"name":"Aura of Protection","source":"PHB","page":82,"srd":true,"className":"Paladin","classSource":"PHB","level":6,"entries":["Starting at 6th level, whenever you or a friendly creature within 10 feet of you must make a saving throw, the creature gains a bonus to the saving throw equal to your Charisma modifier (with a minimum bonus of +1). You must be conscious to grant this bonus.","At 18th level, the range of this aura increases to 30 feet."]},{"name":"Sacred Oath feature","source":"PHB","page":82,"srd":true,"className":"Paladin","classSource":"PHB","level":7,"entries":["At 7th level, you gain a feature granted to you by your Sacred Oath."]},{"name":"Ability Score Improvement","source":"PHB","page":82,"srd":true,"className":"Paladin","classSource":"PHB","level":8,"entries":["When you reach 8th level, you can increase one ability score of your choice by 2, or you can increase two ability scores of your choice by 1. As normal, you can't increase an ability score above 20 using this feature.","If your DM allows the use of feats, you may instead take a {@5etools feat|feats.html}."]},{"name":"Aura of Courage","source":"PHB","page":82,"srd":true,"className":"Paladin","classSource":"PHB","level":10,"entries":["Starting at 10th level, you and friendly creatures within 10 feet of you can't be {@condition frightened} while you are conscious.","At 18th level, the range of this aura increases to 30 feet."]},{"name":"Improved Divine Smite","source":"PHB","page":82,"srd":true,"className":"Paladin","classSource":"PHB","level":11,"entries":["By 11th level, you are so suffused with righteous might that all your melee weapon strikes carry divine power with them. Whenever you hit a creature with a melee weapon, the creature takes an extra {@damage 1d8} radiant damage."]},{"name":"Ability Score Improvement","source":"PHB","page":82,"srd":true,"className":"Paladin","classSource":"PHB","level":12,"entries":["When you reach 12th level, you can increase one ability score of your choice by 2, or you can increase two ability scores of your choice by 1. As normal, you can't increase an ability score above 20 using this feature.","If your DM allows the use of feats, you may instead take a {@5etools feat|feats.html}."]},{"name":"Cleansing Touch","source":"PHB","page":82,"srd":true,"className":"Paladin","classSource":"PHB","level":14,"entries":["Beginning at 14th level, you can use your action to end one spell on yourself or on one willing creature that you touch.","You can use this feature a number of times equal to your Charisma modifier (a minimum of once). You regain expended uses when you finish a long rest."]},{"name":"Sacred Oath feature","source":"PHB","page":82,"srd":true,"className":"Paladin","classSource":"PHB","level":15,"entries":["At 15th level, you gain a feature granted to you by your Sacred Oath."]},{"name":"Ability Score Improvement","source":"PHB","page":82,"srd":true,"className":"Paladin","classSource":"PHB","level":16,"entries":["When you reach 16th level, you can increase one ability score of your choice by 2, or you can increase two ability scores of your choice by 1. As normal, you can't increase an ability score above 20 using this feature.","If your DM allows the use of feats, you may instead take a {@5etools feat|feats.html}."]},{"name":"Aura improvements","source":"PHB","page":82,"srd":true,"className":"Paladin","classSource":"PHB","level":18,"entries":["At 18th level, the range of your Aura of Protection increases to 30 feet."]},{"name":"Ability Score Improvement","source":"PHB","page":82,"srd":true,"className":"Paladin","classSource":"PHB","level":19,"entries":["When you reach 19th level, you can increase one ability score of your choice by 2, or you can increase two ability scores of your choice by 1. As normal, you can't increase an ability score above 20 using this feature.","If your DM allows the use of feats, you may instead take a {@5etools feat|feats.html}."]},{"name":"Sacred Oath feature","source":"PHB","page":82,"srd":true,"className":"Paladin","classSource":"PHB","level":20,"entries":["At 20th level, you gain a feature granted to you by your Sacred Oath."]}],"subclassFeature":[{"name":"Oath of Devotion","source":"PHB","page":85,"srd":true,"className":"Paladin","classSource":"PHB","subclassShortName":"Devotion","subclassSource":"PHB","level":3,"entries":["The Oath of Devotion binds a paladin to the loftiest ideals of justice, virtue, and order. Sometimes called cavaliers, white knights, or holy warriors, these paladins meet the ideal of the knight in shining armor, acting with honor in pursuit of justice and the greater good. They hold themselves to the highest standards of conduct, and some, for better or worse, hold the rest of the world to the same standards. Many who swear this oath are devoted to gods of law and good and use their gods' tenets as the measure of their devotion. They hold angels—the perfect servants of good—as their ideals, and incorporate images of angelic wings into their helmets or coats of arms.",{"type":"refSubclassFeature","subclassFeature":"Tenets of Devotion|Paladin||Devotion||3"},{"type":"refSubclassFeature","subclassFeature":"Oath Spells|Paladin||Devotion||3"},{"type":"refSubclassFeature","subclassFeature":"Channel Divinity: Sacred Weapon|Paladin||Devotion||3"},{"type":"refSubclassFeature","subclassFeature":"Channel Divinity: Turn the Unholy|Paladin||Devotion||3"}]},{"name":"Channel Divinity: Sacred Weapon","source":"PHB","page":85,"srd":true,"className":"Paladin","classSource":"PHB","subclassShortName":"Devotion","subclassSource":"PHB","level":3,"header":1,"entries":["As an action, you can imbue one weapon that you are holding with positive energy, using your Channel Divinity. For 1 minute, you add your Charisma modifier to attack rolls made with that weapon (with a minimum bonus of +1). The weapon also emits bright light in a 20-foot radius and dim light 20 feet beyond that. If the weapon is not already magical, it becomes magical for the duration.","You can end this effect on your turn as part of any other action. If you are no longer holding or carrying this weapon, or if you fall {@condition unconscious}, this effect ends."]},{"name":"Channel Divinity: Turn the Unholy","source":"PHB","page":85,"srd":true,"className":"Paladin","classSource":"PHB","subclassShortName":"Devotion","subclassSource":"PHB","level":3,"header":1,"entries":["As an action, you present your holy symbol and speak a prayer censuring fiends and undead, using your Channel Divinity. Each fiend or undead that can see or hear you within 30 feet of you must make a Wisdom saving throw. If the creature fails its saving throw, it is turned for 1 minute or until it takes damage.","A turned creature must spend its turns trying to move as far away from you as it can, and it can't willingly move to a space within 30 feet of you. It also can't take reactions. For its action, it can use only the {@action Dash} action or try to escape from an effect that prevents it from moving. If there's nowhere to move, the creature can use the {@action Dodge} action."]},{"name":"Oath Spells","source":"PHB","page":85,"srd":true,"className":"Paladin","classSource":"PHB","subclassShortName":"Devotion","subclassSource":"PHB","level":3,"header":1,"entries":["You gain oath spells at the paladin levels listed.",{"type":"table","caption":"Oath of Devotion Spells","colLabels":["Paladin Level","Spells"],"colStyles":["col-2 text-center","col-10"],"rows":[["3rd","{@spell protection from evil and good}, {@spell sanctuary}"],["5th","{@spell lesser restoration}, {@spell zone of truth}"],["9th","{@spell beacon of hope}, {@spell dispel magic}"],["13th","{@spell freedom of movement}, {@spell guardian of faith}"],["17th","{@spell commune}, {@spell flame strike}"]]}]},{"name":"Tenets of Devotion","source":"PHB","page":85,"srd":true,"className":"Paladin","classSource":"PHB","subclassShortName":"Devotion","subclassSource":"PHB","level":3,"header":1,"entries":["Though the exact words and strictures of the Oath of Devotion vary, paladins of this oath share these tenets.",{"type":"entries","entries":[{"type":"entries","name":"Honesty","entries":["Don't lie or cheat. Let your word be your promise."]}]},{"type":"entries","entries":[{"type":"entries","name":"Courage","entries":["Never fear to act, though caution is wise."]}]},{"type":"entries","entries":[{"type":"entries","name":"Compassion","entries":["Aid others, protect the weak, and punish those who threaten them. Show mercy to your foes, but temper it with wisdom."]}]},{"type":"entries","entries":[{"type":"entries","name":"Honor","entries":["Treat others with fairness, and let your honorable deeds be an example to them. Do as much good as possible while causing the least amount of harm."]}]},{"type":"entries","entries":[{"type":"entries","name":"Duty","entries":["Be responsible for your actions and their consequences, protect those entrusted to your care, and obey those who have just authority over you."]}]}]},{"name":"Aura of Devotion","source":"PHB","page":85,"srd":true,"className":"Paladin","classSource":"PHB","subclassShortName":"Devotion","subclassSource":"PHB","level":7,"header":2,"entries":["Starting at 7th level, you and friendly creatures within 10 feet of you can't be {@condition charmed} while you are conscious.","At 18th level, the range of this aura increases to 30 feet."]},{"name":"Purity of Spirit","source":"PHB","page":85,"srd":true,"className":"Paladin","classSource":"PHB","subclassShortName":"Devotion","subclassSource":"PHB","level":15,"header":2,"entries":["Beginning at 15th level, you are always under the effects of a {@spell protection from evil and good} spell."]},{"name":"Holy Nimbus","source":"PHB","page":85,"srd":true,"className":"Paladin","classSource":"PHB","subclassShortName":"Devotion","subclassSource":"PHB","level":20,"header":2,"entries":["At 20th level, as an action, you can emanate an aura of sunlight. For 1 minute, bright light shines from you in a 30-foot radius, and dim light shines 30 feet beyond that.","Whenever an enemy creature starts its turn in the bright light, the creature takes 10 radiant damage.","In addition, for the duration, you have advantage on saving throws against spells cast by fiends or undead.","Once you use this feature, you can't use it again until you finish a long rest."]}]}