{"_meta":{"dependencies":{"subclass":["generic"]}},"class":[{"name":"Sorcerer","source":"PHB","page":99,"srd":true,"hd":{"number":1,"faces":6},"proficiency":["con","cha"],"spellcastingAbility":"cha","casterProgression":"full","cantripProgression":[4,4,4,5,5,5,5,5,5,6,6,6,6,6,6,6,6,6,6,6],"spellsKnownProgression":[2,3,4,5,6,7,8,9,10,11,12,12,13,13,14,14,15,15,15,15],"startingProficiencies":{"weapons":["{@item dagger|phb|daggers}","{@item dart|phb|darts}","{@item sling|phb|slings}","{@item quarterstaff|phb|quarterstaffs}","{@item light crossbow|phb|light crossbows}"],"skills":[{"choose":{"from":["arcana","deception","insight","intimidation","persuasion","religion"],"count":2}}]},"startingEquipment":{"additionalFromBackground":true,"default":["(a) a {@item light crossbow|phb} and {@item crossbow bolts (20)|phb|20 bolts} or (b) any {@filter simple weapon|items|source=phb|category=basic|type=simple weapon}","(a) a {@item component pouch|phb} or (b) an {@item arcane focus|phb}","(a) a {@item dungeoneer's pack|phb} or (b) an {@item explorer's pack|phb}","Two {@item dagger|phb|daggers}"],"goldAlternative":"{@dice 3d4 × 10|3d4 × 10|Starting Gold}","defaultData":[{"a":["light crossbow|phb","crossbow bolts (20)|phb"],"b":[{"equipmentType":"weaponSimple"}]},{"a":["component pouch|phb"],"b":["arcane focus|phb"]},{"a":["dungeoneer's pack|phb"],"b":["explorer's pack|phb"]},{"_":[{"item":"dagger|phb","quantity":2}]}]},"multiclassing":{"requirements":{"cha":13}},"classTableGroups":[{"colLabels":["Sorcery Points"],"rows":[[0],[2],[3],[4],[5],[6],[7],[8],[9],[10],[11],[12],[13],[14],[15],[16],[17],[18],[19],[20]]},{"colLabels":["{@filter Cantrips Known|spells|level=0|class=Sorcerer}","{@filter Spells Known|spells|class=Sorcerer}"],"rows":[[4,2],[4,3],[4,4],[5,5],[5,6],[5,7],[5,8],[5,9],[5,10],[6,11],[6,12],[6,12],[6,13],[6,13],[6,14],[6,14],[6,15],[6,15],[6,15],[6,15]]},{"title":"Spell Slots per Spell Level","colLabels":["{@filter 1st|spells|level=1|class=Sorcerer}","{@filter 2nd|spells|level=2|class=Sorcerer}","{@filter 3rd|spells|level=3|class=Sorcerer}","{@filter 4th|spells|level=4|class=Sorcerer}","{@filter 5th|spells|level=5|class=Sorcerer}","{@filter 6th|spells|level=6|class=Sorcerer}","{@filter 7th|spells|level=7|class=Sorcerer}","{@filter 8th|spells|level=8|class=Sorcerer}","{@filter 9th|spells|level=9|class=Sorcerer}"],"rowsSpellProgression":[[2,0,0,0,0,0,0,0,0],[3,0,0,0,0,0,0,0,0],[4,2,0,0,0,0,0,0,0],[4,3,0,0,0,0,0,0,0],[4,3,2,0,0,0,0,0,0],[4,3,3,0,0,0,0,0,0],[4,3,3,1,0,0,0,0,0],[4,3,3,2,0,0,0,0,0],[4,3,3,3,1,0,0,0,0],[4,3,3,3,2,0,0,0,0],[4,3,3,3,2,1,0,0,0],[4,3,3,3,2,1,0,0,0],[4,3,3,3,2,1,1,0,0],[4,3,3,3,2,1,1,0,0],[4,3,3,3,2,1,1,1,0],[4,3,3,3,2,1,1,1,0],[4,3,3,3,2,1,1,1,1],[4,3,3,3,3,1,1,1,1],[4,3,3,3,3,2,1,1,1],[4,3,3,3,3,2,2,1,1]]}],"classFeatures":["Spellcasting|Sorcerer||1",{"classFeature":"Sorcerous Origin|Sorcerer||1","gainSubclassFeature":true},"Spell Versatility|Sorcerer||1|UAClassFeatureVariants","Font of Magic|Sorcerer||2","Font of Magic Options|Sorcerer||2|UAClassFeatureVariants","Metamagic|Sorcerer||3","Metamagic Options|Sorcerer||3|UAClassFeatureVariants","Metamagic Options|Sorcerer||3|TCE","Ability Score Improvement|Sorcerer||4","Proficiency Versatility|Sorcerer||4|UAClassFeatureVariants","Sorcerous Versatility|Sorcerer||4|TCE","Magical Guidance|Sorcerer||5|TCE",{"classFeature":"Sorcerous Origin feature|Sorcerer||6","gainSubclassFeature":true},"Ability Score Improvement|Sorcerer||8","Proficiency Versatility|Sorcerer||8|UAClassFeatureVariants","Metamagic|Sorcerer||10","Ability Score Improvement|Sorcerer||12","Proficiency Versatility|Sorcerer||12|UAClassFeatureVariants",{"classFeature":"Sorcerous Origin feature|Sorcerer||14","gainSubclassFeature":true},"Ability Score Improvement|Sorcerer||16","Proficiency Versatility|Sorcerer||16|UAClassFeatureVariants","Metamagic|Sorcerer||17",{"classFeature":"Sorcerous Origin feature|Sorcerer||18","gainSubclassFeature":true},"Ability Score Improvement|Sorcerer||19","Proficiency Versatility|Sorcerer||19|UAClassFeatureVariants","Sorcerous Restoration|Sorcerer||20"],"subclassTitle":"Sorcerous Origin","fluff":[]}],"subclass":[{"name":"Draconic Bloodline","shortName":"Draconic","source":"PHB","className":"Sorcerer","classSource":"PHB","page":102,"srd":true,"subclassFeatures":["Draconic Bloodline|Sorcerer||Draconic||1","Elemental Affinity|Sorcerer||Draconic||6","Dragon Wings|Sorcerer||Draconic||14","Draconic Presence|Sorcerer||Draconic||18"]}],"classFeature":[{"name":"Sorcerous Origin","source":"PHB","page":99,"srd":true,"className":"Sorcerer","classSource":"PHB","level":1,"entries":["Choose a sorcerous origin, which describes the source of your innate magical power, from the list of available origins.","Your choice grants you features when you choose it at 1st level and again at 6th, 14th, and 18th level."]},{"name":"Spellcasting","source":"PHB","page":99,"srd":true,"className":"Sorcerer","classSource":"PHB","level":1,"entries":["An event in your past, or in the life of a parent or ancestor, left an indelible mark on you, infusing you with arcane magic. This font of magic, whatever its origin, fuels your spells. See {@book chapter 10|PHB|10} for the general rules of spellcasting and {@book chapter 11|PHB|11} for the {@filter sorcerer spell list|spells|class=sorcerer}.",{"type":"entries","name":"Cantrips","entries":["At 1st level, you know four cantrips of your choice from the sorcerer spell list. You learn an additional sorcerer cantrip of your choice at 4th level and another at 10th level."]},{"type":"entries","name":"Spell Slots","entries":["The Sorcerer table shows how many spell slots you have to cast your {@filter sorcerer spells|spells|class=sorcerer} of 1st level and higher. To cast one of these sorcerer spells, you must expend a slot of the spell's level or higher. You regain all expended spell slots when you finish a long rest.","For example, if you know the 1st-level spell {@spell burning hands} and have a 1st-level and a 2nd-level spell slot available, you can cast {@spell burning hands} using either slot."]},{"type":"entries","name":"Spells Known of 1st Level and Higher","entries":["You know two 1st-level spells of your choice from the sorcerer spell list.","You learn an additional sorcerer spell of your choice at each level except 12th, 14th, 16th, 18th, 19th, and 20th. Each of these spells must be of a level for which you have spell slots. For instance, when you reach 3rd level in this class, you can learn one new spell of 1st or 2nd level.","Additionally, when you gain a level in this class, you can choose one of the sorcerer spells you know and replace it with another spell from the sorcerer spell list, which also must be of a level for which you have spell slots."]},{"type":"entries","name":"Spellcasting Ability","entries":["Charisma is your spellcasting ability for your sorcerer spells, since the power of your magic relies on your ability to project your will into the world. You use your Charisma whenever a spell refers to your spellcasting ability. In addition, you use your Charisma modifier when setting the saving throw DC for a sorcerer spell you cast and when making an attack roll with one.",{"type":"abilityDc","name":"Spell","attributes":["cha"]},{"type":"abilityAttackMod","name":"Spell","attributes":["cha"]}]},{"type":"entries","name":"Spellcasting Focus","entries":["You can use an {@item arcane focus|phb} as a spellcasting focus for your sorcerer spells."]}]},{"name":"Flexible Casting","source":"PHB","page":99,"srd":true,"className":"Sorcerer","classSource":"PHB","level":2,"header":1,"entries":["You can use your sorcery points to gain additional spell slots, or sacrifice spell slots to gain additional sorcery points. You learn other ways to use your sorcery points as you reach higher levels.",{"type":"entries","name":"Creating Spell Slots","entries":["You can transform unexpended sorcery points into one spell slot as a bonus action on your turn. The created spell slots vanish at the end of a long rest. The Creating Spell Slots table shows the cost of creating a spell slot of a given level. You can create spell slots no higher in level than 5th.",{"type":"table","caption":"Creating Spell Slots","colLabels":["Spell Slot Level","Sorcery Point Cost"],"colStyles":["col-6 text-center","col-6 text-center"],"rows":[["1st","2"],["2nd","3"],["3rd","5"],["4th","6"],["5th","7"]]}]},{"type":"entries","name":"Converting a Spell Slot to Sorcery Points","entries":["As a bonus action on your turn, you can expend one spell slot and gain a number of sorcery points equal to the slot's level."]}]},{"name":"Font of Magic","source":"PHB","page":99,"srd":true,"className":"Sorcerer","classSource":"PHB","level":2,"entries":["At 2nd level, you tap into a deep wellspring of magic within yourself. This wellspring is represented by sorcery points, which allow you to create a variety of magical effects.",{"type":"entries","name":"Sorcery Points","entries":["You have 2 sorcery points, and you gain one additional point every time you level up, to a maximum of 20 at level 20. You can never have more sorcery points than shown on the table for your level. You regain all spent sorcery points when you finish a long rest."]},{"type":"refClassFeature","classFeature":"Flexible Casting|Sorcerer||2"}]},{"name":"Metamagic","source":"PHB","page":99,"srd":true,"className":"Sorcerer","classSource":"PHB","level":3,"entries":["At 3rd level, you gain the ability to twist your spells to suit your needs. You gain two of the following Metamagic options of your choice. You gain another one at 10th and 17th level.","You can use only one Metamagic option on a spell when you cast it, unless otherwise noted.",{"type":"options","count":2,"entries":[{"type":"refOptionalfeature","optionalfeature":"Careful Spell"},{"type":"refOptionalfeature","optionalfeature":"Distant Spell"},{"type":"refOptionalfeature","optionalfeature":"Empowered Spell"},{"type":"refOptionalfeature","optionalfeature":"Extended Spell"},{"type":"refOptionalfeature","optionalfeature":"Heightened Spell"},{"type":"refOptionalfeature","optionalfeature":"Quickened Spell"},{"type":"refOptionalfeature","optionalfeature":"Subtle Spell"},{"type":"refOptionalfeature","optionalfeature":"Twinned Spell"}]}]},{"name":"Ability Score Improvement","source":"PHB","page":99,"srd":true,"className":"Sorcerer","classSource":"PHB","level":4,"entries":["When you reach 4th level, you can increase one ability score of your choice by 2, or you can increase two ability scores of your choice by 1. As normal, you can't increase an ability score above 20 using this feature.","If your DM allows the use of feats, you may instead take a {@5etools feat|feats.html}."]},{"name":"Sorcerous Origin feature","source":"PHB","page":99,"srd":true,"className":"Sorcerer","classSource":"PHB","level":6,"entries":["At 6th level, you gain a feature granted by your Sorcerous Origin."]},{"name":"Ability Score Improvement","source":"PHB","page":99,"srd":true,"className":"Sorcerer","classSource":"PHB","level":8,"entries":["When you reach 8th level, you can increase one ability score of your choice by 2, or you can increase two ability scores of your choice by 1. As normal, you can't increase an ability score above 20 using this feature.","If your DM allows the use of feats, you may instead take a {@5etools feat|feats.html}."]},{"name":"Metamagic","source":"PHB","page":99,"srd":true,"className":"Sorcerer","classSource":"PHB","level":10,"entries":["At 10th level, you learn an additional metamagic option."]},{"name":"Ability Score Improvement","source":"PHB","page":99,"srd":true,"className":"Sorcerer","classSource":"PHB","level":12,"entries":["When you reach 12th level, you can increase one ability score of your choice by 2, or you can increase two ability scores of your choice by 1. As normal, you can't increase an ability score above 20 using this feature.","If your DM allows the use of feats, you may instead take a {@5etools feat|feats.html}."]},{"name":"Sorcerous Origin feature","source":"PHB","page":99,"srd":true,"className":"Sorcerer","classSource":"PHB","level":14,"entries":["At 14th level, you gain a feature granted by your Sorcerous Origin."]},{"name":"Ability Score Improvement","source":"PHB","page":99,"srd":true,"className":"Sorcerer","classSource":"PHB","level":16,"entries":["When you reach 16th level, you can increase one ability score of your choice by 2, or you can increase two ability scores of your choice by 1. As normal, you can't increase an ability score above 20 using this feature.","If your DM allows the use of feats, you may instead take a {@5etools feat|feats.html}."]},{"name":"Metamagic","source":"PHB","page":99,"srd":true,"className":"Sorcerer","classSource":"PHB","level":17,"entries":["At 17th level, you learn an additional metamagic option."]},{"name":"Sorcerous Origin feature","source":"PHB","page":99,"srd":true,"className":"Sorcerer","classSource":"PHB","level":18,"entries":["At 18th level, you gain a feature granted by your Sorcerous Origin."]},{"name":"Ability Score Improvement","source":"PHB","page":99,"srd":true,"className":"Sorcerer","classSource":"PHB","level":19,"entries":["When you reach 19th level, you can increase one ability score of your choice by 2, or you can increase two ability scores of your choice by 1. As normal, you can't increase an ability score above 20 using this feature.","If your DM allows the use of feats, you may instead take a {@5etools feat|feats.html}."]},{"name":"Sorcerous Restoration","source":"PHB","page":99,"srd":true,"className":"Sorcerer","classSource":"PHB","level":20,"entries":["At 20th level, you regain 4 expended sorcery points whenever you finish a short rest."]}],"subclassFeature":[{"name":"Draconic Bloodline","source":"PHB","page":102,"srd":true,"className":"Sorcerer","classSource":"PHB","subclassShortName":"Draconic","subclassSource":"PHB","level":1,"entries":["Your innate magic comes from draconic magic that was mingled with your blood or that of your ancestors. Most often, sorcerers with this origin trace their descent back to a mighty sorcerer of ancient times who made a bargain with a dragon or who might even have claimed a dragon parent. Some of these bloodlines are well established in the world, but most are obscure. Any given sorcerer could be the first of a new bloodline, as a result of a pact or some other exceptional circumstance.",{"type":"refSubclassFeature","subclassFeature":"Dragon Ancestor|Sorcerer||Draconic||1"},{"type":"refSubclassFeature","subclassFeature":"Draconic Resilience|Sorcerer||Draconic||1"}]},{"name":"Draconic Resilience","source":"PHB","page":102,"srd":true,"className":"Sorcerer","classSource":"PHB","subclassShortName":"Draconic","subclassSource":"PHB","level":1,"header":1,"entries":["As magic flows through your body, it causes physical traits of your dragon ancestors to emerge. At 1st level, your hit point maximum increases by 1 and increases by 1 again whenever you gain a level in this class.","Additionally, parts of your skin are covered by a thin sheen of dragon-like scales. When you aren't wearing armor, your AC equals 13 + your Dexterity modifier."]},{"name":"Dragon Ancestor","source":"PHB","page":102,"srd":true,"className":"Sorcerer","classSource":"PHB","subclassShortName":"Draconic","subclassSource":"PHB","level":1,"header":1,"entries":["At 1st level, you choose one type of dragon as your ancestor. The damage type associated with each dragon is used by features you gain later.",{"type":"table","caption":"Draconic Ancestry","colLabels":["Dragon","Damage Type"],"colStyles":["col-6 text-center","col-6 text-center"],"rows":[["Black","{@filter Acid|spells|damage type=acid|class=sorcerer}"],["Blue","{@filter Lightning|spells|damage type=lightning|class=sorcerer}"],["Brass","{@filter Fire|spells|damage type=fire|class=sorcerer}"],["Bronze","{@filter Lightning|spells|damage type=lightning|class=sorcerer}"],["Copper","{@filter Acid|spells|damage type=acid|class=sorcerer}"],["Gold","{@filter Fire|spells|damage type=fire|class=sorcerer}"],["Green","{@filter Poison|spells|damage type=poison|class=sorcerer}"],["Red","{@filter Fire|spells|damage type=fire|class=sorcerer}"],["Silver","{@filter Cold|spells|damage type=cold|class=sorcerer}"],["White","{@filter Cold|spells|damage type=cold|class=sorcerer}"]]},"You can speak, read, and write {@language Draconic}. Additionally, whenever you make a Charisma check when interacting with dragons, your proficiency bonus is doubled if it applies to the check."]},{"name":"Elemental Affinity","source":"PHB","page":102,"srd":true,"className":"Sorcerer","classSource":"PHB","subclassShortName":"Draconic","subclassSource":"PHB","level":6,"header":2,"entries":["Starting at 6th level, when you cast a spell that deals damage of the type associated with your draconic ancestry, you can add your Charisma modifier to one damage roll of that spell. At the same time, you can spend 1 sorcery point to gain resistance to that damage type for 1 hour."]},{"name":"Dragon Wings","source":"PHB","page":102,"srd":true,"className":"Sorcerer","classSource":"PHB","subclassShortName":"Draconic","subclassSource":"PHB","level":14,"header":2,"entries":["At 14th level, you gain the ability to sprout a pair of dragon wings from your back, gaining a flying speed equal to your current speed. You can create these wings as a bonus action on your turn. They last until you dismiss them as a bonus action on your turn.","You can't manifest your wings while wearing armor unless the armor is made to accommodate them, and clothing not made to accommodate your wings might be destroyed when you manifest them."]},{"name":"Draconic Presence","source":"PHB","page":102,"srd":true,"className":"Sorcerer","classSource":"PHB","subclassShortName":"Draconic","subclassSource":"PHB","level":18,"header":2,"entries":["Beginning at 18th level, you can channel the dread presence of your dragon ancestor, causing those around you to become awestruck or {@condition frightened}. As an action, you can spend 5 sorcery points to draw on this power and exude an aura of awe or fear (your choice) to a distance of 60 feet. For 1 minute or until you lose your concentration (as if you were casting a concentration spell), each hostile creature that starts its turn in this aura must succeed on a Wisdom saving throw or be {@condition charmed} (if you chose awe) or {@condition frightened} (if you chose fear) until the aura ends. A creature that succeeds on this saving throw is immune to your aura for 24 hours."]}]}