{"_meta":{"internalCopies":["raceFluff"]},"raceFluff":[],"raceFluffMeta":{"uncommon":{"name":"Uncommon Races","type":"inset","entries":["This race, and those listed below, are uncommon. They don't exist in every world of D&D, and even where they are found, they are less widespread than dwarves, elves, halflings, and humans. In the cosmopolitan cities of the D&D multiverse, most people hardly look twice at members of even the most exotic races. But the small towns and villages that dot the countryside are different. The common folk aren't accustomed to seeing members of these races, and they react accordingly.",{"type":"entries","name":"Dragonborn","entries":["It's easy to assume that a dragonborn is a monster, especially if his or her scales betray a chromatic heritage. Unless the dragonborn starts breathing fire and causing destruction, though, people are likely to respond with caution rather than outright fear."]},{"type":"entries","name":"Gnome","entries":["Gnomes don't look like a threat and can quickly disarm suspicion with good humor. The common folk are often curious about gnomes, likely never having seen one before, but they are rarely hostile or fearful."]},{"type":"entries","name":"Half-Elf","entries":["Although many people have never seen a half-elf, virtually everyone knows they exist. A half-elf stranger's arrival is followed by gossip behind the half-elf's back and stolen glances across the common room, rather than any confrontation or open curiosity."]},{"type":"entries","name":"Half-Orc","entries":["It's usually safe to assume that a half-orc is belligerent and quick to anger, so people watch themselves around an unfamiliar half-orc. Shopkeepers might surreptitiously hide valuable or fragile goods when a half-orc comes in, and people slowly clear out of a tavern, assuming a fight will break out soon."]},{"type":"entries","name":"Tiefling","entries":["Half-orcs are greeted with a practical caution, but tieflings are the subject of supernatural fear. The evil of their heritage is plainly visible in their features, and as far as most people are concerned, a tiefling could very well be a devil straight from the Nine Hells. People might make warding signs as a tiefling approaches, cross the street to avoid passing near, or bar shop doors before a tiefling can enter."]}]},"monstrous":{"name":"Monstrous Adventurers","type":"section","entries":["In some campaigns, humanoids normally regarded as sinister threats can emerge to adventure alongside humans and the other standard races. This section is aimed at DMs who wish to expand the race selections for their campaigns beyond the typical folk of D&D.",{"type":"entries","name":"Why a Monstrous Character?","entries":["Creating characters as creatures normally cast as villains offers up some interesting roleplaying possibilities. Whether played for comedy, as a tragic story of betrayal and loss, or as an antihero, a monstrous character gives a player a chance to take on an unusual challenge in the campaign. Before allowing monstrous characters in your campaign, consider the following three questions."]},{"type":"entries","name":"Rare or Mundane?","entries":["Consider how common orc, goblin, and similar adventurers are in your setting. Are they regarded as no stranger than elves or dwarves? Are they met with suspicion? The role these races play in your setting should determine the kinds of reactions that such characters meet.","Don't be afraid to push things to an extreme. An orc character might have to venture into town in disguise or remain in the wilderness, for fear of imprisonment or mob violence. Be sure to talk to the group about how such characters can expect the world to treat them. Some players like the challenge of taking on an outcast, but don't set up one expectation and deliver another.","You can establish a monstrous creature as just another culture in your campaign, one that has alliances and rivalries with humans, elves, and dwarves. A hobgoblin kingdom might serve as a buffer between a human kingdom and a blighted region overrun by the spawn of Kyuss. Kobolds might be city builders, the architects of grand, heavily fortified edifices, which other folk dwell in for a price. The cultural notes in chapter 1 are the standard D&D depiction of these creatures, but by no means do they define them for your campaign. Use them as a starting point for your own ideas."]},{"type":"entries","name":"Outcast or Ambassador?","entries":["Consider how a monstrous character's native culture views the character. Is the character an outcast, a spy, an ambassador, or something else? Work with the player to determine how the character ended up as an adventurer.","The character's bond is a great starting point to consider for this question. How did the bond drive the character to adventure? The character's trait, flaw, and ideal can also play a role in fleshing out the story."]},{"type":"entries","name":"Friends or Enemies?","entries":["Figure out what special ties the character has to other members of the adventuring party. An orc warlock might be the dwarf ranger's sworn enemy, but the two are forced to work together to defeat a mutual foe. Perhaps the kobold sorcerer was the tiefling wizard's familiar, transformed by an irate archmage in return for some petty insult. The hobgoblin paladin might have been human once, but crossed the wrong hag and was cursed to take on an evil guise. A creative tie between a monstrous character and the rest of the party helps make for a memorable campaign.","The Monstrous Origin table gives a number of ideas for adding a monstrous character to the campaign.",{"type":"table","colLabels":["d8","Origin"],"colStyles":["col-2 text-center","col-10"],"rows":[["1","You are a spy sent to undermine your enemies from within."],["2","You are the victim of a curse or polymorph spell."],["3","You were raised by humans, elves, or dwarves and have adopted their culture."],["4","At a young age, you adopted a human religion and now serve it faithfully."],["5","You received divine insight that sent you on your path, and occasionally receive new visions that guide you."],["6","Your sworn enemy is an ally of your people, forcing you to leave your tribe to gain vengeance."],["7","An evil entity corrupted your people's society."],["8","An injury or strange event caused you to lose all memory of your past, but occasional flashes of it return to you."]]}]}]}}}