{
    "name": "SRD",
    "version": 2,

    "includedSources": ["phb", "mm"],
    "classes": [
        "class/class-barbarian",
        "class/class-bard",
        "class/class-cleric",
        "class/class-druid",
        "class/class-fighter",
        "class/class-monk",
        "class/class-mystic",
        "class/class-paladin",
        "class/class-ranger",
        "class/class-rogue",
        "class/class-sidekick",
        "class/class-sorcerer",
        "class/class-warlock",
        "class/class-wizard"
    ],
    "optionalFeatures": [
        "optionalfeatures"
    ],
    "monsters": [
        "bestiary/bestiary-dmg",
        "bestiary/bestiary-mm"
    ],
    "monsterFluff": [
        "bestiary/fluff-bestiary-dmg",
        "bestiary/fluff-bestiary-mm"
    ],
    "spells": [
        "spells/spells-phb"
    ],
    "items": {
        "baseItems": [
            "items-base"
        ],
        "items": [
            "items"
        ]
    },
    "races": [
        "races"
    ],
    "fluff": [
        "fluff-races"
    ],
    "conditions": [
        "conditionsdiseases"
    ],
    "backgrounds": [
        "backgrounds"
    ],
    "adventures": [],
    "languages": {
        "scripts": [
            "languages"
        ],
        "languages": [
            "languages"
        ]
    },
    "booksIndex": "books",
    "books": []
}