{"languageScript":[{"name":"Draconic","fonts":["fonts/languages/PHB/Draconic/Iokharic.otf","fonts/languages/PHB/Draconic/Iokharic Bold.otf","fonts/languages/PHB/Draconic/Iokharic Italic.otf","fonts/languages/PHB/Draconic/Iokharic Bold Italic.otf"]},{"name":"Dwarvish","fonts":["fonts/languages/PHB/Dwarvish/Dethek.otf","fonts/languages/PHB/Dwarvish/Dethek Bold.otf","fonts/languages/PHB/Dwarvish/Dethek Italic.otf","fonts/languages/PHB/Dwarvish/Dethek Bold Italic.otf","fonts/languages/PHB/Dwarvish/Dethek Stone.ttf","fonts/languages/PHB/Dwarvish/Dethek Alt.ttf","fonts/languages/PHB/Dwarvish/Olde Dethek.otf","fonts/languages/PHB/Dwarvish/Olde Dethek Italic.otf","fonts/languages/PHB/Dwarvish/Davek 4e.otf","fonts/languages/PHB/Dwarvish/Davek 4e Bold.otf","fonts/languages/PHB/Dwarvish/Davek 4e Italic.otf","fonts/languages/PHB/Dwarvish/Davek 4e Bold Italic.otf"]},{"name":"Elvish","fonts":["fonts/languages/PHB/Elvish/Espruar 5e.ttf","fonts/languages/PHB/Elvish/Espruar 3e.otf","fonts/languages/PHB/Elvish/Espruar 3e Bold.otf","fonts/languages/PHB/Elvish/Espruar 3e Italic.otf","fonts/languages/PHB/Elvish/Espruar 3e Bold Italic.otf","fonts/languages/PHB/Elvish/Espruar 3e Alt.ttf","fonts/languages/PHB/Elvish/Espruar 2e.ttf","fonts/languages/PHB/Elvish/Olde Espruar.otf","fonts/languages/PHB/Elvish/Rellanic 4e.otf","fonts/languages/PHB/Elvish/Rellanic 4e Bold.otf","fonts/languages/PHB/Elvish/Rellanic 4e Italic.otf","fonts/languages/PHB/Elvish/Rellanic 4e Bold Italic.otf"]},{"name":"Infernal","fonts":["fonts/languages/PHB/Infernal/Infernal.ttf","fonts/languages/PHB/Infernal/Barazhad.otf","fonts/languages/PHB/Infernal/Barazhad Bold.otf","fonts/languages/PHB/Infernal/Barazhad Italic.otf","fonts/languages/PHB/Infernal/Barazhad Bold Italic.otf"]},{"name":"Thorass","fonts":["fonts/languages/PHB/Human/Thorass.otf","fonts/languages/PHB/Human/Thorass Bold.otf","fonts/languages/PHB/Human/Thorass Italic.otf","fonts/languages/PHB/Human/Thorass Bold Italic.otf","fonts/languages/PHB/Human/Olde Thorass.otf"]}],"language":[{"name":"Abyssal","source":"PHB","page":123,"srd":true,"type":"exotic","typicalSpeakers":["{@filter demons|bestiary|tag=demon}"],"script":"Infernal"},{"name":"Celestial","source":"PHB","page":123,"srd":true,"type":"exotic","typicalSpeakers":["{@filter celestials|bestiary|type=celestial}"],"script":"Celestial"},{"name":"Common","source":"PHB","page":123,"srd":true,"type":"standard","typicalSpeakers":["{@filter humans|bestiary|type=humanoid|tag=any race;human}"],"script":"Common","fonts":["fonts/languages/PHB/Human/Harpers.ttf"]},{"name":"Deep Speech","source":"PHB","page":123,"srd":true,"type":"exotic","typicalSpeakers":["{@creature mind flayer||mind flayers}","{@creature beholder||beholders}"],"script":"none"},{"name":"Draconic","source":"PHB","page":123,"srd":true,"additionalSources":[],"type":"exotic","typicalSpeakers":["{@filter dragons|bestiary|type=dragon}","{@race dragonborn}"],"script":"Draconic","entries":["Draconic is thought to be one of the oldest languages and is often used in the study of magic. The language sounds harsh to most other creatures and includes numerous hard consonants and sibilants."],"hasFluffImages":true},{"name":"Druidic","source":"PHB","page":64,"srd":true,"type":"secret","typicalSpeakers":["{@class druid||druids}/{@creature druid||druids}","{@creature treant||treants}"],"entries":["Druidic is the secret language of druids. It can be spoken or used to leave hidden messages. Creatures who know this language automatically spot such a message. Others spot the message's presence with a successful DC 15 Wisdom ({@skill Perception}) check but can't decipher it without magic."]},{"name":"Dwarvish","source":"PHB","page":123,"srd":true,"additionalSources":[],"type":"standard","typicalSpeakers":["{@filter dwarves|bestiary|type=humanoid|tag=any race;dwarf}"],"script":"Dwarvish","entries":["Dwarvish is full of hard consonants and guttural sounds, and those characteristics spill over into whatever other language a dwarf might speak."],"hasFluffImages":true},{"name":"Elvish","source":"PHB","page":123,"srd":true,"additionalSources":[],"type":"standard","typicalSpeakers":["{@filter elves|bestiary|type=humanoid|tag=any race;elf}"],"script":"Elvish","entries":["Elvish is fluid, with subtle intonations and intricate grammar. Elven literature is rich and varied, and their songs and poems are famous among other races. Many bards learn their language so they can add Elvish ballads to their repertoires."],"hasFluffImages":true},{"name":"Giant","source":"PHB","page":123,"srd":true,"type":"standard","typicalSpeakers":["{@creature ogre||ogres}","{@filter giants|bestiary|type=giant}"],"script":"Dwarvish","hasFluffImages":true},{"name":"Gnomish","source":"PHB","page":123,"srd":true,"additionalSources":[],"type":"standard","typicalSpeakers":["{@filter gnomes|bestiary|type=humanoid|tag=any race;gnome}"],"script":"Dwarvish","entries":["The Gnomish language, which uses the Dwarvish script, is renowned for its technical treatises and its catalogs of knowledge about the natural world."],"hasFluffImages":true},{"name":"Goblin","source":"PHB","page":123,"srd":true,"type":"standard","typicalSpeakers":["{@filter goblinoids|bestiary|tag=goblinoid}"],"script":"Dwarvish","hasFluffImages":true},{"name":"Halfling","source":"PHB","page":123,"srd":true,"additionalSources":[],"type":"standard","typicalSpeakers":["{@filter halflings|bestiary|type=humanoid|tag=any race;halfling}"],"script":"Common","entries":["The Halfling language isn't secret, but halflings are loath to share it with others. They write very little, so they don't have a rich body of literature. Their oral tradition, however, is very strong. Almost all halflings speak Common to converse with the people in whose lands they dwell or through which they are traveling."]},{"name":"Infernal","source":"PHB","page":123,"srd":true,"type":"exotic","typicalSpeakers":["{@filter devils|bestiary|tag=devil}"],"script":"Infernal"},{"name":"Orc","source":"PHB","page":123,"srd":true,"type":"standard","typicalSpeakers":["{@filter orcs|bestiary|tag=orc}"],"script":"Dwarvish","entries":[" Orc is a harsh, grating language with hard consonants. It has no script of its own but is written in the Dwarvish script."],"hasFluffImages":true},{"name":"Primordial","dialects":["Auran","Aquan","Ignan","Terran"],"source":"PHB","page":123,"srd":true,"additionalSources":[],"type":"exotic","typicalSpeakers":["{@filter elementals|bestiary|type=elemental}"],"script":"Dwarvish","entries":["Primordial is a guttural language, filled with harsh syllables and hard consonants."],"hasFluffImages":true},{"name":"Sylvan","source":"PHB","page":123,"srd":true,"type":"exotic","typicalSpeakers":["{@filter fey creatures|bestiary|type=fey}"],"script":"Elvish","hasFluffImages":true},{"name":"Thieves' Cant","source":"PHB","page":94,"srd":true,"type":"secret","typicalSpeakers":["{@creature assassin||assassins}","{@class rogue||rogues}"],"entries":["Thieves' cant is a secret mix of dialect, jargon, and code that allows messages to be hidden in seemingly normal conversation. Only a creature that knows thieves' cant understands such messages. It takes four times longer to convey such a message than it does to speak the same idea plainly."]},{"name":"Undercommon","source":"PHB","page":123,"srd":true,"type":"exotic","typicalSpeakers":["underdark traders"],"script":"Elvish","hasFluffImages":true}]}