{"_meta":{"internalCopies":["race"]},"race":[{"name":"Dragonborn","source":"PHB","page":32,"srd":true,"size":["M"],"speed":30,"ability":[{"str":2,"cha":1}],"heightAndWeight":{"baseHeight":66,"heightMod":"2d8","baseWeight":175,"weightMod":"2d6"},"age":{"mature":15,"max":80},"traitTags":["Uncommon Race"],"languageProficiencies":[{"common":true,"draconic":true}],"resist":[{"choose":{"from":["acid","cold","fire","lightning","poison"]}}],"soundClip":{"type":"internal","path":"races/dragonborn.mp3"},"entries":[{"name":"Age","type":"entries","entries":["Young dragonborn grow quickly. They walk hours after hatching, attain the size and development of a 10-year-old human child by the age of 3, and reach adulthood by 15. They live to be around 80."]},{"name":"Alignment","type":"entries","entries":["Dragonborn tend to extremes, making a conscious choice for one side or the other in the cosmic war between good and evil (represented by Bahamut and Tiamat, respectively). Most dragonborn are good, but those who side with Tiamat can be terrible villains."]},{"type":"entries","name":"Size","entries":["Dragonborn are taller and heavier than humans, standing well over 6 feet tall and averaging almost 250 pounds. Your size is Medium."]},{"name":"Draconic Ancestry","entries":["You have draconic ancestry. Choose one type of dragon from the Draconic Ancestry table. Your breath weapon and damage resistance are determined by the dragon type, as shown in the table.",{"type":"table","caption":"Draconic Ancestry","colLabels":["Dragon","Damage Type","Breath Weapon"],"colStyles":["col-3 text-center","col-3 text-center","col-6"],"rows":[["Black","Acid","5 by 30 ft. line (Dex. save)"],["Blue","Lightning","5 by 30 ft. line (Dex. save)"],["Brass","Fire","5 by 30 ft. line (Dex. save)"],["Bronze","Lightning","5 by 30 ft. line (Dex. save)"],["Copper","Acid","5 by 30 ft. line (Dex. save)"],["Gold","Fire","15 ft. cone (Dex. save)"],["Green","Poison","15 ft. cone (Con. save)"],["Red","Fire","15 ft. cone (Dex. save)"],["Silver","Cold","15 ft. cone (Con. save)"],["White","Cold","15 ft. cone (Con. save)"]]}],"type":"entries"},{"name":"Breath Weapon","entries":["You can use your action to exhale destructive energy. Your draconic ancestry determines the size, shape, and damage type of the exhalation.","When you use your breath weapon, each creature in the area of the exhalation must make a saving throw, the type of which is determined by your draconic ancestry. The DC for this saving throw equals 8 + your Constitution modifier + your proficiency bonus. A creature takes {@dice 2d6} damage on a failed save, and half as much damage on a successful one. The damage increases to {@dice 3d6} at 6th level, {@dice 4d6} at 11th level, and {@dice 5d6} at 16th level.","After you use your breath weapon, you can't use it again until you complete a short or long rest."],"type":"entries"},{"name":"Damage Resistance","entries":["You have resistance to the damage type associated with your draconic ancestry."],"type":"entries"},{"name":"Languages","entries":["You can speak, read, and write Common and Draconic. Draconic is thought to be one of the oldest languages and is often used in the study of magic. The language sounds harsh to most other creatures and includes numerous hard consonants and sibilants."],"type":"entries"}],"subraces":[{"srd":true}],"hasFluff":true,"hasFluffImages":true},{"name":"Dwarf","source":"PHB","page":18,"srd":true,"size":["M"],"speed":25,"ability":[{"con":2}],"age":{"mature":20,"max":350},"darkvision":60,"traitTags":["Tool Proficiency"],"languageProficiencies":[{"common":true,"dwarvish":true}],"weaponProficiencies":[{"battleaxe|phb":true,"handaxe|phb":true,"light hammer|phb":true,"warhammer|phb":true}],"resist":["poison"],"soundClip":{"type":"internal","path":"races/dwarf.mp3"},"entries":[{"name":"Age","type":"entries","entries":["Dwarves mature at the same rate as humans, but they're considered young until they reach the age of 50. On average, they live about 350 years."]},{"name":"Alignment","type":"entries","entries":["Most dwarves are lawful, believing firmly in the benefits of a well-ordered society. They tend toward good as well, with a strong sense of fair play and a belief that everyone deserves to share in the benefits of a just order."]},{"type":"entries","name":"Size","entries":["Dwarves stand between 4 and 5 feet tall and average about 150 pounds. Your size is Medium."]},{"name":"Speed","entries":["Your speed is not reduced by wearing heavy armor."],"type":"entries"},{"name":"Darkvision","entries":["Accustomed to life underground, you have superior vision in dark and dim conditions. You can see in dim light within 60 feet of you as if it were bright light, and in darkness as if it were dim light. You can't discern color in darkness, only shades of gray."],"type":"entries"},{"name":"Dwarven Resilience","entries":["You have advantage on saving throws against poison, and you have resistance against poison damage."],"type":"entries"},{"name":"Dwarven Combat Training","entries":["You have proficiency with the {@item battleaxe|phb}, {@item handaxe|phb}, {@item light hammer|phb}, and {@item warhammer|phb}."],"type":"entries"},{"name":"Tool Proficiency","entries":["You gain proficiency with the artisan's tools of your choice: {@item Smith's tools|phb}, {@item brewer's supplies|phb}, or {@item mason's tools|phb}."],"type":"entries"},{"name":"Stonecunning","entries":["Whenever you make an Intelligence ({@skill History}) check related to the origin of stonework, you are considered proficient in the {@skill History} skill and add double your proficiency bonus to the check, instead of your normal proficiency bonus."],"type":"entries"},{"name":"Languages","entries":["You can speak, read, and write Common and Dwarvish. Dwarvish is full of hard consonants and guttural sounds, and those characteristics spill over into whatever other language a dwarf might speak."],"type":"entries"}],"subraces":[{"name":"Hill","page":20,"srd":true,"ability":[{"wis":1}],"heightAndWeight":{"baseHeight":44,"heightMod":"2d4","baseWeight":115,"weightMod":"2d6"},"entries":[{"name":"Dwarven Toughness","entries":["Your hit point maximum increases by 1, and it increases by 1 every time you gain a level."],"type":"entries"}],"hasFluff":true,"hasFluffImages":true},{"name":"Mountain","page":20,"ability":[{"str":2}],"heightAndWeight":{"baseHeight":48,"heightMod":"2d4","baseWeight":130,"weightMod":"2d6"},"armorProficiencies":[{"light":true,"medium":true}],"entries":[{"name":"Dwarven Armor Training","entries":["You have proficiency with light and medium armor."],"type":"entries"}],"hasFluff":true,"hasFluffImages":true}],"hasFluff":true,"hasFluffImages":true},{"name":"Elf","source":"PHB","page":21,"srd":true,"size":["M"],"speed":30,"ability":[{"dex":2}],"age":{"mature":100,"max":750},"darkvision":60,"traitTags":["Improved Resting"],"skillProficiencies":[{"perception":true}],"languageProficiencies":[{"common":true,"elvish":true}],"soundClip":{"type":"internal","path":"races/elf.mp3"},"entries":[{"name":"Age","type":"entries","entries":["Although elves reach physical maturity at about the same age as humans, the elven understanding of adulthood goes beyond physical growth to encompass worldly experience. An elf typically claims adulthood and an adult name around the age of 100 and can live to be 750 years old."]},{"name":"Alignment","type":"entries","entries":["Elves love freedom, variety, and self-expression, so they lean strongly toward the gentler aspects of chaos. They value and protect others' freedom as well as their own, and they are more often good than not."]},{"type":"entries","name":"Size","entries":["Elves range from under 5 to over 6 feet tall and have slender builds. Your size is Medium."]},{"name":"Darkvision","entries":["Accustomed to twilit forests and the night sky, you have superior vision in dark and dim conditions. You can see in dim light within 60 feet of you as if it were bright light, and in darkness as if it were dim light. You can't discern color in darkness, only shades of gray."],"type":"entries"},{"name":"Keen Senses","entries":["You have proficiency in the {@skill Perception} skill."],"type":"entries"},{"name":"Fey Ancestry","entries":["You have advantage on saving throws against being {@condition charmed}, and magic can't put you to sleep."],"type":"entries"},{"name":"Trance","entries":["Elves don't need to sleep. Instead, they meditate deeply, remaining semiconscious, for 4 hours a day. (The Common word for such meditation is \"trance.\") While meditating, you can dream after a fashion; such dreams are actually mental exercises that have become reflexive through years of practice. After resting in this way, you gain the same benefit that a human does from 8 hours of sleep.","{@note If you meditate during a long rest, you finish the rest after only 4 hours. You otherwise obey all the rules for a long rest; only the duration is changed.}"],"type":"entries"},{"name":"Languages","entries":["You can speak, read, and write Common and Elvish. Elvish is fluid, with subtle intonations and intricate grammar. Elven literature is rich and varied, and their songs and poems are famous among other races. Many bards learn their language so they can add Elvish ballads to their repertoires."],"type":"entries"}],"subraces":[{"name":"Drow","alias":["Dark"],"page":24,"ability":[{"cha":1}],"heightAndWeight":{"baseHeight":53,"heightMod":"2d6","baseWeight":75,"weightMod":"1d6"},"darkvision":120,"traitTags":["Sunlight Sensitivity"],"weaponProficiencies":[{"rapier|phb":true,"shortsword|phb":true,"hand crossbow|phb":true}],"additionalSpells":[{"innate":{"3":{"daily":{"1":["faerie fire"]}},"5":{"daily":{"1":["darkness"]}}},"ability":"cha","known":{"1":["dancing lights#c"]}}],"entries":[{"name":"Superior Darkvision","entries":["Accustomed to the depths of the Underdark, you have superior vision in dark and dim conditions. You can see in dim light within 120 feet of you as if it were bright light, and in darkness as if it were dim light. You can't discern color in darkness, only shades of gray."],"data":{"overwrite":"Darkvision"},"type":"entries"},{"name":"Sunlight Sensitivity","entries":["You have disadvantage on attack rolls and on Wisdom ({@skill Perception}) checks that rely on sight when you, the target of your attack, or whatever you are trying to perceive is in direct sunlight."],"type":"entries"},{"name":"Drow Magic","entries":["You know the {@spell dancing lights} cantrip. When you reach 3rd level, you can cast the {@spell faerie fire} spell once per day; you must finish a long rest in order to cast the spell again using this trait. When you reach 5th level, you can also cast the {@spell darkness} spell once per day; you must finish a long rest in order to cast the spell again using this trait. Charisma is your spellcasting ability for these spells."],"type":"entries"},{"name":"Drow Weapon Training","entries":["You have proficiency with {@item rapier|phb|rapiers}, {@item shortsword|phb|shortswords}, and {@item hand crossbow|phb|hand crossbows}."],"type":"entries"}],"hasFluff":true},{"name":"High","page":23,"srd":true,"speed":30,"ability":[{"int":1}],"heightAndWeight":{"baseHeight":54,"heightMod":"2d10","baseWeight":90,"weightMod":"1d4"},"weaponProficiencies":[{"longsword|phb":true,"shortsword|phb":true,"shortbow|phb":true,"longbow|phb":true}],"additionalSpells":[{"ability":"int","known":{"1":{"_":[{"choose":"level=0|class=Wizard"}]}}}],"entries":[{"name":"Elf Weapon Training","entries":["You have proficiency with the {@item longsword|phb}, {@item shortsword|phb}, {@item shortbow|phb}, and {@item longbow|phb}."],"type":"entries"},{"name":"Cantrip","entries":["You know one {@filter cantrip of your choice from the wizard spell list|spells|level=0|class=Wizard}. Intelligence is your spellcasting ability for it."],"type":"entries"},{"name":"Extra Language","entries":["You can speak, read, and write one extra language of your choosing."],"type":"entries"}],"hasFluff":true,"hasFluffImages":true},{"name":"Wood","page":24,"speed":35,"ability":[{"wis":1}],"heightAndWeight":{"baseHeight":54,"heightMod":"2d10","baseWeight":100,"weightMod":"1d4"},"weaponProficiencies":[{"longsword|phb":true,"shortsword|phb":true,"shortbow|phb":true,"longbow|phb":true}],"entries":[{"name":"Elf Weapon Training","entries":["You have proficiency with the {@item longsword|phb}, {@item shortsword|phb}, {@item shortbow|phb}, and {@item longbow|phb}."],"type":"entries"},{"name":"Fleet of Foot","entries":["Your base walking speed increases to 35 feet."],"type":"entries"},{"name":"Mask of the Wild","entries":["You can attempt to hide even when you are only lightly obscured by foliage, heavy rain, falling snow, mist, and other natural phenomena."],"type":"entries"}],"hasFluff":true,"hasFluffImages":true}],"hasFluff":true,"hasFluffImages":true},{"name":"Gnome","source":"PHB","page":35,"srd":true,"size":["S"],"speed":25,"ability":[{"int":2}],"heightAndWeight":{"baseHeight":35,"heightMod":"2d4","baseWeight":35},"age":{"mature":40,"max":500},"darkvision":60,"traitTags":["Uncommon Race"],"languageProficiencies":[{"common":true,"gnomish":true}],"soundClip":{"type":"internal","path":"races/gnome.mp3"},"entries":[{"name":"Age","type":"entries","entries":["Gnomes mature at the same rate humans do, and most are expected to settle down into an adult life by around age 40. They can live 350 to almost 500 years."]},{"name":"Alignment","type":"entries","entries":["Gnomes are most often good. Those who tend toward law are sages, engineers, researchers, scholars, investigators, or inventors. Those who tend toward chaos are minstrels, tricksters, wanderers, or fanciful jewelers. Gnomes are good-hearted, and even the tricksters among them are more playful than vicious."]},{"type":"entries","name":"Size","entries":["Gnomes are between 3 and 4 feet tall and average about 40 pounds. Your size is Small."]},{"name":"Darkvision","entries":["Accustomed to life underground, you have superior vision in dark and dim conditions. You can see in dim light within 60 feet of you as if it were bright light, and in darkness as if it were dim light. You can't discern color in darkness, only shades of gray."],"type":"entries"},{"name":"Gnome Cunning","entries":["You have advantage on all Intelligence, Wisdom, and Charisma saving throws against magic."],"type":"entries"},{"name":"Languages","entries":["You can speak, read, and write Common and Gnomish. The Gnomish language, which uses the Dwarvish script, is renowned for its technical treatises and its catalogs of knowledge about the natural world."],"type":"entries"}],"subraces":[{"name":"Forest","page":37,"ability":[{"dex":1}],"additionalSpells":[{"ability":"int","known":{"1":["minor illusion#c"]}}],"entries":[{"name":"Natural Illusionist","entries":["You know the {@spell minor illusion} cantrip. Intelligence is your spellcasting ability for it."],"type":"entries"},{"name":"Speak with Small Beasts","entries":["Through sounds and gestures, you can communicate simple ideas with Small or smaller beasts. Forest gnomes love animals and often keep squirrels, badgers, rabbits, moles, woodpeckers, and other creatures as beloved pets."],"type":"entries"}],"hasFluff":true,"hasFluffImages":true},{"name":"Rock","page":37,"srd":true,"ability":[{"con":1}],"traitTags":["Tool Proficiency"],"entries":[{"name":"Artificer's Lore","entries":["Whenever you make an Intelligence ({@skill History}) check related to magic items, alchemical objects, or technological devices, you can add twice your proficiency bonus, instead of any proficiency bonus you normally apply."],"type":"entries"},{"name":"Tinker","entries":["You have proficiency with artisan's tools ({@item tinker's tools|phb}). Using those tools, you can spend 1 hour and 10 gp worth of materials to construct a Tiny clockwork device (AC 5, 1 hp). The device ceases to function after 24 hours (unless you spend 1 hour repairing it to keep the device functioning), or when you use your action to dismantle it; at that time, you can reclaim the materials used to create it. You can have up to three such devices active at a time.","When you create a device, choose one of the following options:",{"type":"entries","name":"Clockwork Toy","entries":["This toy is a clockwork animal, monster, or person, such as a frog, mouse, bird, dragon, or soldier. When placed on the ground, the toy moves 5 feet across the ground on each of your turns in a random direction. It makes noises as appropriate to the creature it represents."]},{"type":"entries","name":"Fire Starter","entries":["The device produces a miniature flame, which you can use to light a candle, torch, or campfire. Using the device requires your action."]},{"type":"entries","name":"Music Box","entries":["When opened, this music box plays a single song at a moderate volume. The box stops playing when it reaches the song's end or when it is closed."]}],"type":"entries"}],"hasFluff":true,"hasFluffImages":true}],"hasFluff":true,"hasFluffImages":true},{"name":"Half-Elf","source":"PHB","page":38,"srd":true,"size":["M"],"speed":30,"ability":[{"cha":2,"choose":{"from":["str","dex","con","int","wis"],"count":2}}],"heightAndWeight":{"baseHeight":57,"heightMod":"2d8","baseWeight":110,"weightMod":"2d4"},"age":{"mature":20,"max":180},"darkvision":60,"traitTags":["Uncommon Race"],"skillProficiencies":[{"any":2}],"languageProficiencies":[{"common":true,"elvish":true,"anyStandard":1}],"soundClip":{"type":"internal","path":"races/half-elf.mp3"},"entries":[{"name":"Age","type":"entries","entries":["Half-elves mature at the same rate humans do and reach adulthood around the age of 20. They live much longer than humans, however, often exceeding 180 years."]},{"name":"Alignment","type":"entries","entries":["Half-elves share the chaotic bent of their elven heritage. They value both personal freedom and creative expression, demonstrating neither love of leaders nor desire for followers. They chafe at rules, resent others' demands, and sometimes prove unreliable, or at least unpredictable."]},{"type":"entries","name":"Size","entries":["Half-elves are about the same size as humans, ranging from 5 to 6 feet tall. Your size is Medium."]},{"name":"Darkvision","entries":["Thanks to your elf blood, you have superior vision in dark and dim conditions. You can see in dim light within 60 feet of you as if it were bright light, and in darkness as if it were dim light. You can't discern color in darkness, only shades of gray."],"type":"entries"},{"name":"Fey Ancestry","entries":["You have advantage on saving throws against being {@condition charmed}, and magic can't put you to sleep."],"type":"entries"},{"name":"Skill Versatility","entries":["You gain proficiency in two skills of your choice."],"type":"entries"},{"name":"Languages","entries":["You can speak, read, and write Common, Elvish, and one extra language of your choice."],"type":"entries"}],"hasFluff":true,"hasFluffImages":true},{"name":"Half-Orc","source":"PHB","page":40,"srd":true,"size":["M"],"speed":30,"ability":[{"str":2,"con":1}],"heightAndWeight":{"baseHeight":58,"heightMod":"2d10","baseWeight":140,"weightMod":"2d6"},"age":{"mature":14,"max":75},"darkvision":60,"traitTags":["Uncommon Race"],"skillProficiencies":[{"intimidation":true}],"languageProficiencies":[{"common":true,"orc":true}],"soundClip":{"type":"internal","path":"races/half-orc.mp3"},"entries":[{"name":"Age","type":"entries","entries":["Half-orcs mature a little faster than humans, reaching adulthood around age 14. They age noticeably faster and rarely live longer than 75 years."]},{"name":"Alignment","type":"entries","entries":["Half-orcs inherit a tendency toward chaos from their orc parents and are not strongly inclined toward good. Half-orcs raised among orcs and willing to live out their lives among them are usually evil."]},{"type":"entries","name":"Size","entries":["Half-orcs are somewhat larger and bulkier than humans, and they range from 5 to well over 6 feet tall. Your size is Medium."]},{"name":"Darkvision","entries":["Thanks to your orc blood, you have superior vision in dark and dim conditions. You can see in dim light within 60 feet of you as if it were bright light, and in darkness as if it were dim light. You can't discern color in darkness, only shades of gray."],"type":"entries"},{"name":"Menacing","entries":["You gain proficiency in the {@skill Intimidation} skill."],"type":"entries"},{"name":"Relentless Endurance","entries":["When you are reduced to 0 hit points but not killed outright, you can drop to 1 hit point instead. You can't use this feature again until you finish a long rest."],"type":"entries"},{"name":"Savage Attacks","entries":["When you score a critical hit with a melee weapon attack, you can roll one of the weapon's damage dice one additional time and add it to the extra damage of the critical hit."],"type":"entries"},{"name":"Languages","entries":["You can speak, read, and write Common and Orc. Orc is a harsh, grating language with hard consonants. It has no script of its own but is written in the Dwarvish script."],"type":"entries"}],"hasFluff":true,"hasFluffImages":true},{"name":"Halfling","source":"PHB","page":26,"srd":true,"size":["S"],"speed":25,"ability":[{"dex":2}],"heightAndWeight":{"baseHeight":31,"heightMod":"2d4","baseWeight":35},"age":{"mature":20,"max":250},"languageProficiencies":[{"common":true,"halfling":true}],"soundClip":{"type":"internal","path":"races/halfling.mp3"},"entries":[{"name":"Age","type":"entries","entries":["A halfling reaches adulthood at the age of 20 and generally lives into the middle of his or her second century."]},{"name":"Alignment","type":"entries","entries":["Most halflings are lawful good. As a rule, they are good-hearted and kind, hate to see others in pain, and have no tolerance for oppression. They are also very orderly and traditional, leaning heavily on the support of their community and the comfort of their old ways."]},{"type":"entries","name":"Size","entries":["Halflings average about 3 feet tall and weigh about 40 pounds. Your size is Small."]},{"name":"Lucky","entries":["When you roll a 1 on an attack roll, ability check, or saving throw, you can reroll the die and must use the new roll."],"type":"entries"},{"name":"Brave","entries":["You have advantage on saving throws against being {@condition frightened}."],"type":"entries"},{"name":"Halfling Nimbleness","entries":["You can move through the space of any creature that is of a size larger than yours."],"type":"entries"},{"name":"Languages","entries":["You can speak, read, and write Common and Halfling. The Halfling language isn't secret, but halflings are loath to share it with others. They write very little, so they don't have a rich body of literature. Their oral tradition, however, is very strong. Almost all halflings speak Common to converse with the people in whose lands they dwell or through which they are traveling."],"type":"entries"}],"subraces":[{"name":"Lightfoot","page":28,"srd":true,"ability":[{"cha":1}],"entries":[{"name":"Naturally Stealthy","entries":["You can attempt to hide even when you are obscured only by a creature that is at least one size larger than you."],"type":"entries"}],"hasFluff":true,"hasFluffImages":true},{"name":"Stout","page":28,"ability":[{"con":1}],"resist":["poison"],"entries":[{"name":"Stout Resilience","entries":["You have advantage on saving throws against poison, and you have resistance against poison damage."],"type":"entries"}],"hasFluff":true,"hasFluffImages":true}],"hasFluff":true,"hasFluffImages":true},{"name":"Human","source":"PHB","page":29,"srd":true,"size":["M"],"speed":30,"heightAndWeight":{"baseHeight":56,"heightMod":"2d10","baseWeight":110,"weightMod":"2d4"},"age":{"mature":20,"max":100},"languageProficiencies":[{"common":true,"anyStandard":1}],"soundClip":{"type":"internal","path":"races/human.mp3"},"entries":[{"name":"Age","type":"entries","entries":["Humans reach adulthood in their late teens and live less than a century."]},{"name":"Alignment","type":"entries","entries":["Humans tend toward no particular alignment. The best and the worst are found among them."]},{"type":"entries","name":"Size","entries":["Humans vary widely in height and build, from barely 5 feet to well over 6 feet tall. Regardless of your position in that range, your size is Medium."]},{"name":"Languages","entries":["You can speak, read, and write Common and one extra language of your choice. Humans typically learn the languages of other peoples they deal with, including obscure dialects. They are fond of sprinkling their speech with words borrowed from other tongues: Orc curses, Elvish musical expressions, Dwarvish military phrases, and so on."],"type":"entries"}],"subraces":[{"srd":true,"ability":[{"str":1,"dex":1,"con":1,"int":1,"wis":1,"cha":1}]},{"name":"Variant","page":31,"srd":true,"ability":[{"choose":{"from":["str","dex","con","int","wis","cha"],"count":2}}],"feats":1,"skillProficiencies":[{"any":1}],"entries":[{"name":"Skills","entries":["You gain proficiency in one skill of your choice."],"type":"entries"},{"name":"Feat","entries":["You gain one {@5etools feat|feats.html} of your choice."],"type":"entries"}]}],"hasFluff":true,"hasFluffImages":true},{"name":"Tiefling","source":"PHB","page":42,"srd":true,"size":["M"],"speed":30,"ability":[{"cha":2,"int":1}],"heightAndWeight":{"baseHeight":57,"heightMod":"2d8","baseWeight":110,"weightMod":"2d4"},"age":{"mature":20,"max":100},"darkvision":60,"traitTags":["Uncommon Race"],"languageProficiencies":[{"common":true,"infernal":true}],"resist":["fire"],"soundClip":{"type":"internal","path":"races/tiefling.mp3"},"additionalSpells":[{"innate":{"3":{"daily":{"1":["hellish rebuke#2"]}},"5":{"daily":{"1":["darkness"]}}},"ability":"cha","known":{"1":["thaumaturgy#c"]}}],"entries":[{"name":"Age","type":"entries","entries":["Tieflings mature at the same rate as humans but live a few years longer."]},{"name":"Alignment","type":"entries","entries":["Tieflings might not have an innate tendency toward evil, but many of them end up there. Evil or not, an independent nature inclines many tieflings toward a chaotic alignment."]},{"type":"entries","name":"Size","entries":["Tieflings are about the same size and build as humans. Your size is Medium."]},{"name":"Darkvision","entries":["Thanks to your infernal heritage, you have superior vision in dark and dim conditions. You can see in dim light within 60 feet of you as if it were bright light, and in darkness as if it were dim light. You can't discern color in darkness, only shades of gray."],"type":"entries"},{"name":"Hellish Resistance","entries":["You have resistance to fire damage."],"type":"entries"},{"name":"Infernal Legacy","entries":["You know the {@spell thaumaturgy} cantrip. Once you reach 3rd level, you can cast the {@spell hellish rebuke} spell as a 2nd-level spell; you must finish a long rest in order to cast the spell again using this trait. Once you reach 5th level, you can also cast the {@spell darkness} spell; you must finish a long rest in order to cast the spell again using this trait. Charisma is your spellcasting ability for these spells."],"type":"entries"},{"name":"Languages","entries":["You can speak, read, and write Common and Infernal."],"type":"entries"}],"subraces":[{"srd":true}],"hasFluff":true,"hasFluffImages":true}]}